Fecha,Precio Cierre,Inflacion Acumulada,Precio Ajustado,PIB US,Retorno
2015-01-02,131.0399933,-0.001,130.9089533067,3.3,0
2015-01-05,123.4800034,-0.001,123.3565233966,3.3,-5.769223356637634
2015-01-06,118.4400024,-0.001,118.3215623976,3.3,-4.081633350521923
2015-01-07,107.0999985,-0.001,106.9928985015,3.3,-9.574471183901293
2015-01-08,112.1399994,-0.001,112.0278594006,3.3,4.705883259186036
2015-01-09,110.8799973,-0.001,110.7691173027,3.3,-1.1235973842889053
2015-01-12,109.6200027,-0.001,109.5103826973,3.3,-1.1363587939048398
2015-01-13,109.6200027,-0.001,109.5103826973,3.3,0
2015-01-14,100.8000031,-0.001,100.6992030969,3.3,-8.045976448420578
2015-01-15,97.01999664,-0.001,96.92297664336,3.3,-3.7500062934025804
2015-01-16,97.01999664,-0.001,96.92297664336,3.3,0
2015-01-20,94.5,-0.001,94.4055,3.3,-2.5973992241523565
2015-01-21,91.98000336,-0.001,91.88802335664,3.3,-2.6666631111111134
2015-01-22,89.45999908,-0.001,89.37053908092,3.3,-2.7397305805012473
2015-01-23,88.19999695,-0.001,88.11179695305,3.3,-1.4084530996621643
2015-01-26,90.72000122,-0.001,90.62928121878,3.3,2.857147797214296
2015-01-27,95.76000214,-0.001,95.66424213786,3.3,5.555556494953933
2015-01-28,89.45999908,-0.001,89.37053908092,3.3,-6.578950416886441
2015-01-29,89.45999908,-0.001,89.37053908092,3.3,0
2015-01-30,89.45999908,-0.001,89.37053908092,3.3,0
2015-02-02,88.19999695,-0.001,88.11179695305,3.3,-1.4084530996621643
2015-02-03,88.19999695,-0.001,88.11179695305,3.3,0
2015-02-04,90.72000122,-0.001,90.62928121878,3.3,2.857147797214296
2015-02-05,88.19999695,-0.001,88.11179695305,3.3,-2.7777824472123624
2015-02-06,90.72000122,-0.001,90.62928121878,3.3,2.857147797214296
2015-02-09,89.45999908,-0.001,89.37053908092,3.3,-1.3888912291176416
2015-02-10,88.19999695,-0.001,88.11179695305,3.3,-1.4084530996621643
2015-02-11,83.16000366,-0.001,83.07684365634,3.3,-5.714278304178556
2015-02-12,84.41999817,-0.001,84.33557817183,3.3,1.5151448467360475
2015-02-13,88.19999695,-0.001,88.11179695305,3.3,4.477610592205963
2015-02-17,98.27999878,-0.001,98.18171878122,3.3,11.428573898607148
2015-02-18,90.72000122,-0.001,90.62928121878,3.3,-7.692305305093735
2015-02-19,85.68000031,-0.001,85.59432030968999,3.3,-5.555556483931012
2015-02-20,88.19999695,-0.001,88.11179695305,3.3,2.941172538378113
2015-02-23,88.19999695,-0.001,88.11179695305,3.3,0
2015-02-24,86.94000244,-0.001,86.85306243756,3.3,-1.42856525348213
2015-02-25,86.94000244,-0.001,86.85306243756,3.3,0
2015-02-26,99.54000092,-0.001,99.44046091908,3.3,14.492751468112331
2015-02-27,88.19999695,-0.001,88.11179695305,3.3,-11.392408946343014
2015-03-02,90.72000122,-0.002,90.53856121756,3.3,2.857147797214296
2015-03-03,88.19999695,-0.002,88.0235969561,3.3,-2.7777824472123624
2015-03-04,97.01999664,-0.002,96.82595664672,3.3,9.999999994331068
2015-03-05,94.5,-0.002,94.311,3.3,-2.5973992241523565
2015-03-06,109.6200027,-0.002,109.4007626946,3.3,16.00000285714286
2015-03-09,119.6999969,-0.002,119.4605969062,3.3,9.19539678135768
2015-03-10,115.9199982,-0.002,115.6881582036,3.3,-3.1578937325770364
2015-03-11,109.6200027,-0.002,109.4007626946,3.3,-5.434778811099045
2015-03-12,105.8399963,-0.002,105.6283163074,3.3,-3.448281615486591
2015-03-13,103.3199997,-0.002,103.1133597006,3.3,-2.380949251790553
2015-03-16,102.0599976,-0.002,101.8558776048,3.3,-1.219514231183253
2015-03-17,97.01999664,-0.002,96.82595664672,3.3,-4.938272661687776
2015-03-18,100.8000031,-0.002,100.5984030938,3.3,3.8961106894550763
2015-03-19,105.8399963,-0.002,105.6283163074,3.3,4.999993100198623
2015-03-20,103.3199997,-0.002,103.1133597006,3.3,-2.380949251790553
2015-03-23,97.01999664,-0.002,96.82595664672,3.3,-6.097563954987114
2015-03-24,97.01999664,-0.002,96.82595664672,3.3,0
2015-03-25,98.27999878,-0.002,98.08343878244,3.3,1.2987035494088195
2015-03-26,95.76000214,-0.002,95.56848213572,3.3,-2.5640991771286243
2015-03-27,97.01999664,-0.002,96.82595664672,3.3,1.3157837007542121
2015-03-30,95.76000214,-0.002,95.56848213572,3.3,-1.2986956747435368
2015-03-31,99.54000092,-0.002,99.34092091816,3.3,3.9473670588203267
2015-04-01,117.1800003,-0.004,116.7112802988,2.3,17.72151820068519
2015-04-02,105.8399963,-0.004,105.4166363148,2.3,-9.677422743614729
2015-04-06,113.4000015,-0.004,112.946401494,2.3,7.142862305636727
2015-04-07,107.0999985,-0.004,106.671598506,2.3,-5.555558127571985
2015-04-08,103.3199997,-0.004,102.9067197012,2.3,-3.5294106936892264
2015-04-09,104.5800018,-0.004,104.1616817928,2.3,1.2195142311832667
2015-04-10,105.8399963,-0.004,105.4166363148,2.3,1.2048139972397576
2015-04-13,119.6999969,-0.004,119.2211969124,2.3,13.0952391199205
2015-04-14,114.6600037,-0.004,114.2013636852,2.3,-4.21052074396503
2015-04-15,117.1800003,-0.004,116.7112802988,2.3,2.1977991615920374
2015-04-16,110.8799973,-0.004,110.4364773108,2.3,-5.376346632421031
2015-04-17,108.3600006,-0.004,107.9265605976,2.3,-2.272724351879104
2015-04-20,107.0999985,-0.004,106.671598506,2.3,-1.162792629220425
2015-04-21,109.6200027,-0.004,109.1815226892,2.3,2.3529451309936316
2015-04-22,110.8799973,-0.004,110.4364773108,2.3,1.1494203329371007
2015-04-23,115.9199982,-0.004,115.4563182072,2.3,4.545455467827645
2015-04-24,110.8799973,-0.004,110.4364773108,2.3,-4.347826930866875
2015-04-27,109.6200027,-0.004,109.1815226892,2.3,-1.1363587939048398
2015-04-28,110.8799973,-0.004,110.4364773108,2.3,1.1494203329371007
2015-04-29,105.8399963,-0.004,105.4166363148,2.3,-4.545455558015245
2015-04-30,100.8000031,-0.004,100.3968030876,2.3,-4.761898503581106
2015-05-01,105.8399963,-0.004,105.4166363148,2.3,4.999993100198623
2015-05-04,105.8399963,-0.004,105.4166363148,2.3,0
2015-05-05,105.8399963,-0.004,105.4166363148,2.3,0
2015-05-06,103.3199997,-0.004,102.9067197012,2.3,-2.380949251790553
2015-05-07,105.8399963,-0.004,105.4166363148,2.3,2.439021106578651
2015-05-08,107.0999985,-0.004,106.671598506,2.3,1.1904783107026644
2015-05-11,107.0999985,-0.004,106.671598506,2.3,0
2015-05-12,109.6200027,-0.004,109.1815226892,2.3,2.3529451309936316
2015-05-13,108.3600006,-0.004,107.9265605976,2.3,-1.1494271747541145
2015-05-14,105.8399963,-0.004,105.4166363148,2.3,-2.32558535072582
2015-05-15,105.8399963,-0.004,105.4166363148,2.3,0
2015-05-18,104.5800018,-0.004,104.1616817928,2.3,-1.1904710355701236
2015-05-19,100.8000031,-0.004,100.3968030876,2.3,-3.614456526046844
2015-05-20,102.0599976,-0.004,101.6517576096,2.3,1.249994505208507
2015-05-21,95.76000214,-0.004,95.37696213144,2.3,-6.172835202966931
2015-05-22,97.01999664,-0.004,96.63191665344,2.3,1.3157837007542121
2015-05-26,93.23999786,-0.004,92.86703786856,2.3,-3.896102773561176
2015-05-27,93.23999786,-0.004,92.86703786856,2.3,0
2015-05-28,104.5800018,-0.004,104.1616817928,2.3,12.162166666956638
2015-05-29,99.54000092,-0.004,99.14184091632,2.3,-4.819277866946841
2015-06-01,100.8000031,-0.003,100.4976030907,2.3,1.2658249631850624
2015-06-02,97.01999664,-0.003,96.72893665008,2.3,-3.7500062934025804
2015-06-03,100.8000031,-0.003,100.4976030907,2.3,3.8961106894550763
2015-06-04,108.3600006,-0.003,108.0349205982,2.3,7.4999972891866
2015-06-05,107.0999985,-0.003,106.7786985045,2.3,-1.162792629220425
2015-06-08,103.3199997,-0.003,103.0100397009,2.3,-3.5294106936892264
2015-06-09,107.0999985,-0.003,106.7786985045,2.3,3.6585354345485945
2015-06-10,104.5800018,-0.003,104.2662617946,2.3,-2.3529381281924042
2015-06-11,112.1399994,-0.003,111.8035794018,2.3,7.228913243334816
2015-06-12,117.1800003,-0.003,116.8284602991,2.3,4.494382849087129
2015-06-15,122.2200012,-0.003,121.8533411964,2.3,4.301076025854896
2015-06-16,118.4400024,-0.003,118.0846823928,2.3,-3.092782492952554
2015-06-17,112.1399994,-0.003,111.8035794018,2.3,-5.319151361314059
2015-06-18,117.1800003,-0.003,116.8284602991,2.3,4.494382849087129
2015-06-19,115.9199982,-0.003,115.5722382054,2.3,-1.0752706065661346
2015-06-22,123.4800034,-0.003,123.1095633898,2.3,6.521743717556412
2015-06-23,120.9599991,-0.003,120.5971191027,2.3,-2.040819752682317
2015-06-24,119.6999969,-0.003,119.3408969093,2.3,-1.0416684932002471
2015-06-25,122.2200012,-0.003,121.8533411964,2.3,2.1052668047312175
2015-06-26,132.3000031,-0.003,131.9031030907,2.3,8.247424154009908
2015-06-29,126,-0.003,125.622,2.3,-4.761906993485171
2015-06-30,144.8999939,-0.003,144.4652939183,2.3,14.999995158730156
2015-07-01,138.6000061,-0.001,138.4614060939,1.3,-4.347817850391225
2015-07-02,137.3399963,-0.001,137.2026563037,1.3,-0.90909793978718
2015-07-06,139.8600006,-0.001,139.7201405994,1.3,1.8348655656691688
2015-07-07,136.0800018,-0.001,135.9439217982,1.3,-2.702701833107253
2015-07-08,132.3000031,-0.001,132.1677030969,1.3,-2.777776785714294
2015-07-09,139.8600006,-0.001,139.7201405994,1.3,5.714283690746194
2015-07-10,158.7599945,-0.001,158.6012345055,1.3,13.513509094036138
2015-07-13,190.2599945,-0.001,190.0697345055,1.3,19.84127052864064
2015-07-14,175.1399994,-0.001,174.9648594006,1.3,-7.947017521857445
2015-07-15,170.1000061,-0.001,169.9299060939,1.3,-2.877694026074087
2015-07-16,152.4600067,-0.001,152.3075466933,1.3,-10.370369645742178
2015-07-17,166.3200073,-0.001,166.1536872927,1.3,9.090909084946261
2015-07-20,166.3200073,-0.001,166.1536872927,1.3,0
2015-07-21,154.9799957,-0.001,154.8250157043,1.3,-6.818188493429676
2015-07-22,144.8999939,-0.001,144.7550939061,1.3,-6.5040663825492615
2015-07-23,137.3399963,-0.001,137.2026563037,1.3,-5.217389867674799
2015-07-24,141.1199951,-0.001,140.9788751049,1.3,2.7522927783856477
2015-07-27,142.3800049,-0.001,142.2376248951,1.3,0.8928641183037976
2015-07-28,146.1600037,-0.001,146.0138436963,1.3,2.654866322455096
2015-07-29,151.1999969,-0.001,151.0487969031,1.3,3.448271122341247
2015-07-30,149.9400024,-0.001,149.7900623976,1.3,-0.8333297128526627
2015-07-31,134.8200073,-0.001,134.6851872927,1.3,-10.084030184062483
2015-08-03,134.8200073,0.001,134.95482730729998,1.3,0
2015-08-04,136.0800018,0.001,136.2160818018,1.3,0.9345753091351485
2015-08-05,132.3000031,0.001,132.4323031031,1.3,-2.777776785714294
2015-08-06,124.7399979,0.001,124.8647378979,1.3,-5.714289510851865
2015-08-07,126,0.001,126.126,1.3,1.010102710607785
2015-08-10,128.5200043,0.001,128.6485243043,1.3,2.000003412698421
2015-08-11,127.2600021,0.001,127.38726210209998,1.3,-0.9803938358567394
2015-08-12,126,0.001,126.126,1.3,-0.9901006437277076
2015-08-13,120.9599991,0.001,121.0809590991,1.3,-4.000000714285711
2015-08-14,115.9199982,0.001,116.03591819819998,1.3,-4.1666674417162834
2015-08-17,115.9199982,0.001,116.03591819819998,1.3,0
2015-08-18,114.6600037,0.001,114.7746637037,1.3,-1.086951793965772
2015-08-19,115.9199982,0.001,116.03591819819998,1.3,1.0988962666499464
2015-08-20,113.4000015,0.001,113.51340150149998,1.3,-2.1739102304437345
2015-08-21,113.4000015,0.001,113.51340150149998,1.3,0
2015-08-24,105.8399963,0.001,105.9458362963,1.3,-6.66667116402111
2015-08-25,109.6200027,0.001,109.72962270269998,1.3,3.57143474314351
2015-08-26,110.8799973,0.001,110.9908772973,1.3,1.1494203329371007
2015-08-27,113.4000015,0.001,113.51340150149998,1.3,2.2727311159485413
2015-08-28,109.6200027,0.001,109.72962270269998,1.3,-3.3333322310405804
2015-08-31,113.4000015,0.001,113.51340150149998,1.3,3.448274682445343
2015-09-01,115.9199982,0.001,116.03591819819998,1.3,2.222219282774871
2015-09-02,110.8799973,0.001,110.9908772973,1.3,-4.347826930866875
2015-09-03,113.4000015,0.001,113.51340150149998,1.3,2.2727311159485413
2015-09-04,115.1999969,0.001,115.3151968969,1.3,1.5872975098681992
2015-09-08,119.1600037,0.001,119.2791637037,1.3,3.437505995280111
2015-09-09,119.5199966,0.001,119.6395165966,1.3,0.30210883586939213
2015-09-10,117,0.001,117.117,1.3,-2.108430950206368
2015-09-11,115.1999969,0.001,115.3151968969,1.3,-1.5384641880341863
2015-09-14,111.5999985,0.001,111.71159849849998,1.3,-3.1249986952039612
2015-09-15,115.9199982,0.001,116.03591819819998,1.3,3.8709675251474103
2015-09-16,115.1999969,0.001,115.3151968969,1.3,-0.6211191435301392
2015-09-17,115.1999969,0.001,115.3151968969,1.3,0
2015-09-18,112.6800003,0.001,112.7926803003,1.3,-2.18749710747605
2015-09-21,112.3199997,0.001,112.4323196997,1.3,-0.31948934952213204
2015-09-22,114.1200027,0.001,114.2341227027,1.3,1.6025667777846369
2015-09-23,110.3399963,0.001,110.45033629629998,1.3,-3.3123083688815975
2015-09-24,106.1999969,0.001,106.3061968969,1.3,-3.752038733755145
2015-09-25,97.01999664,0.001,97.11701663664,1.3,-8.644068293753406
2015-09-28,95.94000244,0.001,96.03594244244,1.3,-1.1131666021463609
2015-09-29,88.37999725,0.001,88.46837724724999,1.3,-7.87993016231989
2015-09-30,89.27999878,0.001,89.36927877877999,1.3,1.0183317017471363
2015-10-01,88.01999664,0.003,88.28405662991999,0.6,-1.4112927388191856
2015-10-02,94.86000061,0.003,95.14458061183,0.6,7.770965952175021
2015-10-05,97.37999725,0.003,97.67213724175,0.6,2.6565429304186066
2015-10-06,96.83999634,0.003,97.13051632901998,0.6,-0.5545296007902725
2015-10-07,96.83999634,0.003,97.13051632901998,0.6,0
2015-10-08,97.37999725,0.003,97.67213724175,0.6,0.5576217786131356
2015-10-09,97.91999817,0.003,98.21375816450998,0.6,0.5545296110593154
2015-10-12,93.59999847,0.003,93.88079846541,0.6,-4.411764481960056
2015-10-13,91.44000244,0.003,91.71432244732,0.6,-2.3076881039611434
2015-10-14,92.69999695,0.003,92.97809694085,0.6,1.3779467151991454
2015-10-15,92.87999725,0.003,93.15863724175,0.6,0.19417508729486882
2015-10-16,94.5,0.003,94.7835,0.6,1.7441890589633902
2015-10-19,93.95999908,0.003,94.24187907724,0.6,-0.5714295449735419
2015-10-20,92.51999664,0.003,92.79755662992,0.6,-1.5325696616641566
2015-10-21,87.66000366,0.003,87.92298367097999,0.6,-5.252910891156298
2015-10-22,89.09999847,0.003,89.36729846540999,0.6,1.6427044830903692
2015-10-23,88.55999756,0.003,88.82567755267999,0.6,-0.6060616377920836
2015-10-26,88.37999725,0.003,88.64513724174999,0.6,-0.20325238816548694
2015-10-27,88.19999695,0.003,88.46459694084999,0.6,-0.20366633356056507
2015-10-28,91.26000214,0.003,91.53378214641998,0.6,3.4693937594291473
2015-10-29,90.72000122,0.003,90.99216122366,0.6,-0.5917169705645999
2015-10-30,92.16000366,0.003,92.43648367098,0.6,1.5873042555499213
2015-11-02,94.5,0.008,95.256,0.6,2.5390584278108292
2015-11-03,97.37999725,0.008,98.159037228,0.6,3.04761613756614
2015-11-04,98.45999908,0.008,99.24767907264,0.6,1.109059211849588
2015-11-05,94.13999939,0.008,94.89311938512,0.6,-4.387568281906999
2015-11-06,95.94000244,0.008,96.70752245952,0.6,1.9120491413463996
2015-11-09,95.04000092,0.008,95.80032092736,0.6,-0.9380878644055238
2015-11-10,94.86000061,0.008,95.61888061488,0.6,-0.18939426373902538
2015-11-11,91.08000183,0.008,91.80864184464,0.6,-3.984818422615019
2015-11-12,89.81999969,0.008,90.53855968752,0.6,-1.3834015312733305
2015-11-13,90.18000031,0.008,90.90144031248,0.6,0.40080229485914165
2015-11-16,90.90000153,0.008,91.62720154224,0.6,0.7984045437180598
2015-11-17,92.33999634,0.008,93.07871631072,0.6,1.5841526796066732
2015-11-18,91.62000275,0.008,92.352962772,0.6,-0.7797201846846006
2015-11-19,94.13999939,0.008,94.89311938512,0.6,2.750487409257366
2015-11-20,94.68000031,0.008,95.43744031248,0.6,0.5736147477151552
2015-11-23,102.9599991,0.008,103.7836790928,0.6,8.745245841666398
2015-11-24,104.4000015,0.008,105.235201512,0.6,1.398603741829284
2015-11-25,106.9199982,0.008,107.7753581856,0.6,2.4137899078478395
2015-11-27,107.8199997,0.008,108.6825596976,0.6,0.8417522588398266
2015-11-30,104.0400009,0.008,104.8723209072,0.6,-3.5058419685749653
2015-12-01,102.2399979,0.015,103.7735978685,0.6,-1.7301066747683866
2015-12-02,100.8000031,0.015,102.3120031465,0.6,-1.4084456470827138
2015-12-03,100.2600021,0.015,101.7639021315,0.6,-0.5357152613024113
2015-12-04,101.3399963,0.015,102.8600962445,0.6,1.07719347434564
2015-12-07,102.0599976,0.015,103.590897564,0.6,0.7104808824627982
2015-12-08,101.5199966,0.015,103.042796549,0.6,-0.529101521358456
2015-12-09,99,0.015,100.485,0.6,-2.4822662375857476
2015-12-10,98.63999939,0.015,100.11959938085,0.6,-0.36363697979798
2015-12-11,95.40000153,0.015,96.83100155295,0.6,-3.2846693836541827
2015-12-14,90.18000031,0.015,91.53270031465,0.6,-5.471699304279875
2015-12-15,88.55999756,0.015,89.88839752339999,0.6,-1.7964102289100974
2015-12-16,90.18000031,0.015,91.53270031465,0.6,1.8292714483222912
2015-12-17,87.83999634,0.015,89.15759628509998,0.6,-2.5948147726281574
2015-12-18,88.01999664,0.015,89.34029658959999,0.6,0.2049183828552095
2015-12-21,90.90000153,0.015,92.26350155295,0.6,3.271989320539464
2015-12-22,91.08000183,0.015,92.44620185745,0.6,0.1980201286801928
2015-12-23,94.31999969,0.015,95.73479968535,0.6,3.55730983190737
2015-12-24,93.95999908,0.015,95.3693990662,0.6,-0.38168003730195954
2015-12-28,91.98000336,0.015,93.3597034104,0.6,-2.1072751589899283
2015-12-29,89.81999969,0.015,91.16729968535,0.6,-2.3483404991256296
2015-12-30,88.73999786,0.015,90.07109782789999,0.6,-1.202406851177312
2015-12-31,83.69999695,0.015,84.95549690425,0.6,-5.679514347015563
2016-01-04,83.51999664,0.02899999999999999,85.94207654255999,2.4,-0.2150541416477279
2016-01-05,86.04000092,0.02899999999999999,88.53516094668,2.4,3.0172466252148964
2016-01-06,82.80000305,0.02899999999999999,85.20120313845,2.4,-3.765687860710911
2016-01-07,79.55999756,0.02899999999999999,81.86723748924,2.4,-3.9130499645555283
2016-01-08,80.09999847,0.02899999999999999,82.42289842563,2.4,0.6787341962809423
2016-01-11,78.30000305,0.02899999999999999,80.57070313845,2.4,-2.2471853363070378
2016-01-12,68.04000092,0.02899999999999999,70.01316094667999,2.4,-13.10345048575321
2016-01-13,62.81999969,0.02899999999999999,64.64177968101,2.4,-7.671959375981728
2016-01-14,64.98000336,0.02899999999999999,66.86442345744,2.4,3.438401274528874
2016-01-15,64.08000183,0.02899999999999999,65.93832188306999,2.4,-1.385043834199022
2016-01-19,69.30000305,0.02899999999999999,71.30970313844999,2.4,8.146069086964632
2016-01-20,68.94000244,0.02899999999999999,70.93926251075999,2.4,-0.5194813768482225
2016-01-21,71.45999908,0.02899999999999999,73.53233905332,2.4,3.6553474772403884
2016-01-22,69.12000275,0.02899999999999999,71.12448282975,2.4,-3.2745541003721006
2016-01-25,71.45999908,0.02899999999999999,73.53233905332,2.4,3.3854112223686297
2016-01-26,71.63999939,0.02899999999999999,73.71755937230999,2.4,0.251889605817774
2016-01-27,69.48000336,0.02899999999999999,71.49492345744,2.4,-3.015069860960257
2016-01-28,66.59999847,0.02899999999999999,68.53139842563,2.4,-4.145084557750653
2016-01-29,68.22000122,0.02899999999999999,70.19838125538,2.4,2.4324366174418586
2016-02-01,68.40000153,0.039,71.06760158966999,2.4,0.26385269243769294
2016-02-02,64.80000305,0.039,67.32720316894999,2.4,-5.2631555547861355
2016-02-03,65.69999695,0.039,68.26229683105,2.4,1.3888794099370005
2016-02-04,68.40000153,0.039,71.06760158966999,2.4,4.109596202956898
2016-02-05,65.69999695,0.039,68.26229683105,2.4,-3.947375028662515
2016-02-08,67.13999939,0.039,69.75845936620999,2.4,2.1917846375181615
2016-02-09,62.63999939,0.039,65.08295936620999,2.4,-6.7024129295274335
2016-02-10,66.05999756,0.039,68.63633746484,2.4,5.459767246654821
2016-02-11,61.91999817,0.039,64.33487809863,2.4,-6.2670292808288135
2016-02-12,63.54000092,0.039,66.01806095587999,2.4,2.616283588304243
2016-02-16,65.87999725,0.039,68.44931714275,2.4,3.682713717530751
2016-02-17,68.40000153,0.039,71.06760158966999,2.4,3.8251432683537256
2016-02-18,64.08000183,0.039,66.57912190137,2.4,-6.31578889381349
2016-02-19,69.12000275,0.039,71.81568285725,2.4,7.865169750417277
2016-02-22,63.90000153,0.039,66.39210158966999,2.4,-7.552084797913293
2016-02-23,65.69999695,0.039,68.26229683105,2.4,2.816894173554806
2016-02-24,64.98000336,0.039,67.51422349104,2.4,-1.0958807053643271
2016-02-25,64.08000183,0.039,66.57912190137,2.4,-1.385043834199022
2016-02-26,65.33999634,0.039,67.88825619725999,2.4,1.9662835112625003
2016-02-29,61.91999817,0.039,64.33487809863,2.4,-5.234157272069415
2016-03-01,63,0.048,66.024,2.4,1.7441890534862083
2016-03-02,65.87999725,0.048,69.042237118,2.4,4.57142420634921
2016-03-03,64.44000244,0.048,67.53312255712001,2.4,-2.1857845630070996
2016-03-04,65.87999725,0.048,69.042237118,2.4,2.2346287328911556
2016-03-07,67.86000061,0.048,71.11728063928,2.4,3.005469706512469
2016-03-08,68.40000153,0.048,71.68320160344,2.4,0.7957573167490091
2016-03-09,68.58000183,0.048,71.87184191784,2.4,0.26315832744690176
2016-03-10,68.04000092,0.048,71.30592096416,2.4,-0.7874028807094351
2016-03-11,65.51999664,0.048,68.66495647872,2.4,-3.7037099440415395
2016-03-14,68.58000183,0.048,71.87184191784,2.4,4.670337831079593
2016-03-15,66.59999847,0.048,69.79679839656,2.4,-2.8871439299580985
2016-03-16,64.98000336,0.048,68.09904352128,2.4,-2.4324251459701345
2016-03-17,67.13999939,0.048,70.36271936072,2.4,3.3240934415365686
2016-03-18,68.04000092,0.048,71.30592096416,2.4,1.3404848647258787
2016-03-21,67.31999969,0.048,70.55135967512001,2.4,-1.0582028516527453
2016-03-22,67.5,0.048,70.74000000000001,2.4,0.26738014086285705
2016-03-23,66.41999817,0.048,69.60815808216,2.4,-1.6000027111111117
2016-03-24,65.16000366,0.048,68.28768383568,2.4,-1.8970107568733745
2016-03-28,63.90000153,0.048,66.96720160344,2.4,-1.933704817720085
2016-03-29,62.63999939,0.048,65.64671936072,2.4,-1.971834287685341
2016-03-30,63.36000061,0.048,66.40128063928,2.4,1.1494272461869517
2016-03-31,62.45999908,0.048,65.45807903584,2.4,-1.4204569465517833
2016-04-01,61.91999817,0.059,65.57327806203,1.2,-0.8645547837878761
2016-04-04,63.72000122,0.059,67.47948129198,1.2,2.9069817558103472
2016-04-05,63.72000122,0.059,67.47948129198,1.2,0
2016-04-06,64.26000214,0.059,68.05134226626,1.2,0.847459054709662
2016-04-07,64.08000183,0.059,67.86072193797,1.2,-0.2801125179047449
2016-04-08,64.26000214,0.059,68.05134226626,1.2,0.2808993521528383
2016-04-11,63.36000061,0.059,67.09824064599,1.2,-1.4005625584001846
2016-04-12,63,0.059,66.717,1.2,-0.5681827754641496
2016-04-13,62.09999847,0.059,65.76389837973,1.2,-1.4285738571428528
2016-04-14,66.77999878,0.059,70.72001870801999,1.2,7.536232568928108
2016-04-15,67.31999969,0.059,71.29187967170999,1.2,0.8086267143834222
2016-04-18,65.87999725,0.059,69.76691708775,1.2,-2.139041067485187
2016-04-19,64.08000183,0.059,67.86072193797,1.2,-2.7322335991749025
2016-04-20,64.62000275,0.059,68.43258291225,1.2,0.8426980408530321
2016-04-21,64.80000305,0.059,68.62320322995,1.2,0.27855198443179147
2016-04-22,65.33999634,0.059,69.19505612405999,1.2,0.8333229391722972
2016-04-25,75.05999756,0.059,79.48853741603999,1.2,14.87603575828422
2016-04-26,73.44000244,0.059,77.77296258396,1.2,-2.158266949988959
2016-04-27,72.90000153,0.059,77.20110162027,1.2,-0.7352953323240704
2016-04-28,72.36000061,0.059,76.62924064599,1.2,-0.7407419871970435
2016-04-29,75.77999878,0.059,80.25101870802,1.2,4.726365590338819
2016-05-02,74.51999664,0.069,79.66187640816,1.2,-1.6627106892122827
2016-05-03,73.80000305,0.069,78.89220326045,1.2,-0.966175016725016
2016-05-04,73.80000305,0.069,78.89220326045,1.2,0
2016-05-05,70.19999695,0.069,75.04379673954999,1.2,-4.878056844470553
2016-05-06,67.31999969,0.069,71.96507966861,1.2,-4.1025603776753385
2016-05-09,63.72000122,0.069,68.11668130417999,1.2,-5.347591334785406
2016-05-10,61.56000137,0.069,65.80764146453,1.2,-3.3898302081670906
2016-05-11,58.13999939,0.069,62.15165934791,1.2,-5.555558648292477
2016-05-12,57.59999847,0.069,61.57439836443,1.2,-0.9287941617916091
2016-05-13,55.79999924,0.069,59.65019918756,1.2,-3.1249987462022313
2016-05-16,61.02000046,0.069,65.23038049174,1.2,9.354841023470954
2016-05-17,60.11999893,0.069,64.26827885617,1.2,-1.4749287499431745
2016-05-18,59.75999832,0.069,63.88343820408,1.2,-0.5988034205043193
2016-05-19,58.31999969,0.069,62.34407966861,1.2,-2.409636329454298
2016-05-20,63,0.069,67.347,1.2,8.02469193223001
2016-05-23,61.20000076,0.069,65.42280081244,1.2,-2.857141650793648
2016-05-24,61.20000076,0.069,65.42280081244,1.2,0
2016-05-25,60.47999954,0.069,64.65311950826,1.2,-1.1764725670895568
2016-05-26,60.11999893,0.069,64.26827885617,1.2,-0.5952391083632607
2016-05-27,60.29999924,0.069,64.46069918756,1.2,0.2994017185688545
2016-05-31,60.47999954,0.069,64.65311950826,1.2,0.29850796396129975
2016-06-01,60.84000015,0.079,65.64636016185,1.2,0.5952391083632607
2016-06-02,61.20000076,0.079,66.03480082004,1.2,0.5917169775023416
2016-06-03,59.22000122,0.079,63.89838131638,1.2,-3.235293325836229
2016-06-06,61.74000168,0.079,66.61746181272,1.2,4.255319838036299
2016-06-07,61.38000107,0.079,66.22902115453,1.2,-0.5830913511565686
2016-06-08,64.80000305,0.079,69.91920329095,1.2,5.571850636007169
2016-06-09,59.40000153,0.079,64.09260165087,1.2,-8.333335286779748
2016-06-10,56.34000015,0.079,60.79086016185,1.2,-5.151517342056869
2016-06-13,55.61999893,0.079,60.01397884547,1.2,-1.2779574335872634
2016-06-14,56.52000046,0.079,60.98508049634,1.2,1.6181257592843272
2016-06-15,53.81999969,0.079,58.07177966551,1.2,-4.777071387164662
2016-06-16,52.02000046,0.079,56.12958049634,1.2,-3.3444801939202766
2016-06-17,50.58000183,0.079,54.57582197457,1.2,-2.768163431884749
2016-06-20,51.29999924,0.079,55.35269917996,1.2,1.423482372380922
2016-06-21,53.27999878,0.079,57.48911868362,1.2,3.859648283300835
2016-06-22,51.47999954,0.079,55.54691950366,1.2,-3.378377029309681
2016-06-23,54.18000031,0.079,58.46022033449,1.2,5.244756787346303
2016-06-24,53.81999969,0.079,58.07177966551,1.2,-0.6644529677744365
2016-06-27,50.04000092,0.079,53.99316099268,1.2,-7.023409126296125
2016-06-28,51.84000015,0.079,55.93536016185,1.2,3.597120697255184
2016-06-29,54,0.079,58.266,1.2,4.166666365258485
2016-06-30,52.20000076,0.079,56.32380082004,1.2,-3.3333319259259224
2016-07-01,54.18000031,0.087,58.893660336969994,2.4,3.7931025309816393
2016-07-05,55.43999863,0.087,60.26327851081,2.4,2.3255782812674575
2016-07-06,55.08000183,0.087,59.87196198921,2.4,-0.6493448933910942
2016-07-07,55.79999924,0.087,60.654599173879994,2.4,1.3071847968019534
2016-07-08,56.52000046,0.087,61.43724050002,2.4,1.2903247845994064
2016-07-11,54.72000122,0.087,59.480641326139995,2.4,-3.1847120052199624
2016-07-12,56.70000076,0.087,61.63290082612,2.4,3.6184201313144664
2016-07-13,54.90000153,0.087,59.67630166311,2.4,-3.1746017740265096
2016-07-14,55.08000183,0.087,59.87196198921,2.4,0.32786938976976604
2016-07-15,53.45999908,0.087,58.11101899996,2.4,-2.9411813656070778
2016-07-18,55.25999832,0.087,60.06761817384,2.4,3.3670020033228893
2016-07-19,53.45999908,0.087,58.11101899996,2.4,-3.2573277139397465
2016-07-20,53.09999847,0.087,57.71969833689,2.4,-0.673401826029362
2016-07-21,53.81999969,0.087,58.50233966303,2.4,1.3559345400109204
2016-07-22,53.81999969,0.087,58.50233966303,2.4,0
2016-07-25,52.91999817,0.087,57.52403801079,2.4,-1.672243636536527
2016-07-26,54,0.087,58.698,2.4,2.0408198551530683
2016-07-27,55.43999863,0.087,60.26327851081,2.4,2.666664129629626
2016-07-28,55.97999954,0.087,60.85025949998,2.4,0.9740276395097079
2016-07-29,55.43999863,0.087,60.26327851081,2.4,-0.964631858587549
2016-08-01,55.79999924,0.098,61.26839916552,2.4,0.649351765685641
2016-08-02,55.61999893,0.098,61.07075882514,2.4,-0.32258120511041954
2016-08-03,55.25999832,0.098,60.67547815536,2.4,-0.6472503001179043
2016-08-04,55.79999924,0.098,61.26839916552,2.4,0.9772003916340276
2016-08-05,54.90000153,0.098,60.28020167994,2.4,-1.6128991438316032
2016-08-08,55.25999832,0.098,60.67547815536,2.4,0.6557318396490104
2016-08-09,54.90000153,0.098,60.28020167994,2.4,-0.6514600089477597
2016-08-10,53.81999969,0.098,59.09435965962001,2.4,-1.9672164114782935
2016-08-11,53.81999969,0.098,59.09435965962001,2.4,0
2016-08-12,53.63999939,0.098,58.89671933022,2.4,-0.33444871987512864
2016-08-15,54.90000153,0.098,60.28020167994,2.4,2.3489973048636856
2016-08-16,54.18000031,0.098,59.48964034038,2.4,-1.3114775955089129
2016-08-17,54,0.098,59.292,2.4,-0.33222648388721826
2016-08-18,54.54000092,0.098,59.88492101016,2.4,1.0000017037036983
2016-08-19,54.90000153,0.098,60.28020167994,2.4,0.6600671139115929
2016-08-22,54.54000092,0.098,59.88492101016,2.4,-0.6557387977544564
2016-08-23,53.45999908,0.098,58.69907898984001,2.4,-1.9802013600699335
2016-08-24,52.20000076,0.098,57.31560083448001,2.4,-2.3568992549260646
2016-08-25,51.84000015,0.098,56.92032016470001,2.4,-0.6896563309551955
2016-08-26,51.29999924,0.098,56.32739916552,2.4,-1.041668419053821
2016-08-29,53.63999939,0.098,58.89671933022,2.4,4.5614038687459475
2016-08-30,50.93999863,0.098,55.93211849574,2.4,-5.033558521075147
2016-08-31,51.11999893,0.098,56.12975882514001,2.4,0.3533574888908536
2016-09-01,51.11999893,0.113,56.89655880909,2.4,0
2016-09-02,51.84000015,0.113,57.69792016695,2.4,1.4084531202473567
2016-09-06,51.29999924,0.113,57.09689915412,2.4,-1.041668419053821
2016-09-07,51.29999924,0.113,57.09689915412,2.4,0
2016-09-08,52.56000137,0.113,58.49928152481,2.4,2.4561445393113104
2016-09-09,53.63999939,0.113,59.70131932107,2.4,2.0547906998656114
2016-09-12,54.72000122,0.113,60.90336135786,2.4,2.0134262533219625
2016-09-13,52.74000168,0.113,58.69962186984,2.4,-3.6184201313144664
2016-09-14,54.90000153,0.113,61.10370170289,2.4,4.095562725056019
2016-09-15,53.63999939,0.113,59.70131932107,2.4,-2.2950858012480597
2016-09-16,52.38000107,0.113,58.29894119091,2.4,-2.34899018331253
2016-09-19,53.09999847,0.113,59.10029829711,2.4,1.3745654549296558
2016-09-20,52.38000107,0.113,58.29894119091,2.4,-1.3559273460370855
2016-09-21,52.20000076,0.113,58.09860084588,2.4,-0.3436431964929644
2016-09-22,53.09999847,0.113,59.10029829711,2.4,1.7241335189589775
2016-09-23,51.29999924,0.113,57.09689915412,2.4,-3.3898291560534664
2016-09-26,52.20000076,0.113,58.09860084588,2.4,1.7543889538661979
2016-09-27,52.38000107,0.113,58.29894119091,2.4,0.34482817505613567
2016-09-28,52.38000107,0.113,58.29894119091,2.4,0
2016-09-29,51.29999924,0.113,57.09689915412,2.4,-2.061859121684055
2016-09-30,50.93999863,0.113,56.696218475189994,2.4,-0.7017555854451124
2016-10-03,50.40000153,0.129,56.90160172737,2,-1.0600650069157664
2016-10-04,50.40000153,0.129,56.90160172737,2,0
2016-10-05,51.84000015,0.129,58.52736016935,2,2.8571400323130196
2016-10-06,50.75999832,0.129,57.308038103280005,2,-2.083336857397753
2016-10-07,47.88000107,0.129,54.05652120803,2,-5.673753635380345
2016-10-10,47.70000076,0.129,53.85330085804,2,-0.3759404886746736
2016-10-11,45.72000122,0.129,51.61788137738,2,-4.1509423657292235
2016-10-12,44.81999969,0.129,50.60177965001,2,-1.9685072309365903
2016-10-13,44.45999908,0.129,50.195338961320005,2,-0.803214217960652
2016-10-14,44.45999908,0.129,50.195338961320005,2,0
2016-10-17,45.36000061,0.129,51.21144068869,2,2.024294981159494
2016-10-18,46.25999832,0.129,52.22753810328,2,1.9841219089436888
2016-10-19,45.54000092,0.129,51.414661038679995,2,-1.556414669580135
2016-10-20,45.72000122,0.129,51.61788137738,2,0.3952575677725815
2016-10-21,45.36000061,0.129,51.21144068869,2,-0.7874028880001858
2016-10-24,45,0.129,50.805,2,-0.7936521277749606
2016-10-25,44.63999939,0.129,50.39855931131,2,-0.8000013555555558
2016-10-26,44.63999939,0.129,50.39855931131,2,0
2016-10-27,43.20000076,0.129,48.77280085804,2,-3.225803426696682
2016-10-28,39.59999847,0.129,44.708398272630006,2,-8.333338487654228
2016-10-31,39.59999847,0.129,44.708398272630006,2,0
2016-11-01,38.70000076,0.146,44.35020087096,2,-2.2727215777086895
2016-11-02,41.40000153,0.146,47.44440175337999,2,6.97674603869955
2016-11-03,41.40000153,0.146,47.44440175337999,2,0
2016-11-04,40.5,0.146,46.413,2,-2.1739166587900303
2016-11-07,40.5,0.146,46.413,2,0
2016-11-08,38.70000076,0.146,44.35020087096,2,-4.4444425679012305
2016-11-09,40.5,0.146,46.413,2,4.651160735532756
2016-11-10,41.40000153,0.146,47.44440175337999,2,2.222225999999993
2016-11-11,42.29999924,0.146,48.47579912903999,2,2.17390743173724
2016-11-14,44.63999939,0.146,51.15743930094,2,5.531915347618342
2016-11-15,41.40000153,0.146,47.44440175337999,2,-7.258059821402705
2016-11-16,42.29999924,0.146,48.47579912903999,2,2.17390743173724
2016-11-17,42.29999924,0.146,48.47579912903999,2,0
2016-11-18,42.29999924,0.146,48.47579912903999,2,0
2016-11-21,41.40000153,0.146,47.44440175337999,2,-2.12765419898386
2016-11-22,41.40000153,0.146,47.44440175337999,2,0
2016-11-23,41.40000153,0.146,47.44440175337999,2,0
2016-11-25,43.20000076,0.146,49.50720087096,2,4.347824066372697
2016-11-28,43.20000076,0.146,49.50720087096,2,0
2016-11-29,43.20000076,0.146,49.50720087096,2,0
2016-11-30,42.29999924,0.146,48.47579912903999,2,-2.083336815200564
2016-12-01,43.20000076,0.16699999999999998,50.414400886920006,2,2.127663206076227
2016-12-02,41.75999832,0.16699999999999998,48.733918039440006,2,-3.3333389228394092
2016-12-05,42.11999893,0.16699999999999998,49.15403875131,2,0.8620704609262066
2016-12-06,42.29999924,0.16699999999999998,49.36409911308,2,0.4273511741990848
2016-12-07,44.09999847,0.16699999999999998,51.46469821449001,2,4.255317405060087
2016-12-08,42.29999924,0.16699999999999998,49.36409911308,2,-4.081631048637096
2016-12-09,43.20000076,0.16699999999999998,50.414400886920006,2,2.127663206076227
2016-12-12,43.20000076,0.16699999999999998,50.414400886920006,2,0
2016-12-13,41.40000153,0.16699999999999998,48.31380178551,2,-4.166664810956833
2016-12-14,41.40000153,0.16699999999999998,48.31380178551,2,0
2016-12-15,42.11999893,0.16699999999999998,49.15403875131,2,1.7391240903174046
2016-12-16,43.20000076,0.16699999999999998,50.414400886920006,2,2.56410697396948
2016-12-19,42.29999924,0.16699999999999998,49.36409911308,2,-2.083336815200564
2016-12-20,46.79999924,0.16699999999999998,54.61559911308,2,10.638298063477695
2016-12-21,46.79999924,0.16699999999999998,54.61559911308,2,0
2016-12-22,48.59999847,0.16699999999999998,56.71619821449001,2,3.8461522633135936
2016-12-23,53.09999847,0.16699999999999998,61.96769821449001,2,9.259259550754468
2016-12-27,52.20000076,0.16699999999999998,60.91740088692001,2,-1.694910990456006
2016-12-28,52.20000076,0.16699999999999998,60.91740088692001,2,0
2016-12-29,53.09999847,0.16699999999999998,61.96769821449001,2,1.7241335189589775
2016-12-30,51.29999924,0.16699999999999998,59.86709911308,2,-3.3898291560534664
2017-01-03,48.77999878,0.192,58.14575854576,1.7,-4.912281671215086
2017-01-04,48.59999847,0.192,57.93119817624,1.7,-0.36900433477213984
2017-01-05,50.40000153,0.192,60.07680182375999,1.7,3.70371011659827
2017-01-06,50.40000153,0.192,60.07680182375999,1.7,0
2017-01-09,51.29999924,0.192,61.14959909408,1.7,1.78570968785445
2017-01-10,51.29999924,0.192,61.14959909408,1.7,0
2017-01-11,50.40000153,0.192,60.07680182375999,1.7,-1.7543815269654983
2017-01-12,51.29999924,0.192,61.14959909408,1.7,1.78570968785445
2017-01-13,49.5,0.192,59.004,1.7,-3.508770500324862
2017-01-17,47.70000076,0.192,56.85840090592,1.7,-3.6363621010100973
2017-01-18,47.70000076,0.192,56.85840090592,1.7,0
2017-01-19,45.90000153,0.192,54.71280182376,1.7,-3.773583231280444
2017-01-20,48.59999847,0.192,57.93119817624,1.7,5.882346078431613
2017-01-23,47.34000015,0.192,56.4292801788,1.7,-2.592589217421021
2017-01-24,45.90000153,0.192,54.71280182376,1.7,-3.0418221703364408
2017-01-25,45.90000153,0.192,54.71280182376,1.7,0
2017-01-26,46.43999863,0.192,55.35647836696,1.7,1.1764642309370328
2017-01-27,46.79999924,0.192,55.78559909408,1.7,0.7751951348410282
2017-01-30,45.90000153,0.192,54.71280182376,1.7,-1.9230720611439072
2017-01-31,47.70000076,0.192,56.85840090592,1.7,3.9215668191721833
2017-02-01,45.54000092,0.21900000000000003,55.51326112148,1.7,-4.5283014792136544
2017-02-02,45,0.21900000000000003,54.855,1.7,-1.1857727472351511
2017-02-03,45,0.21900000000000003,54.855,1.7,0
2017-02-06,45.18000031,0.21900000000000003,55.07442037789,1.7,0.40000068888888207
2017-02-07,46.79999924,0.21900000000000003,57.04919907356,1.7,3.5856549776106044
2017-02-08,46.43999863,0.21900000000000003,56.610358329970005,1.7,-0.7692320851413761
2017-02-09,46.43999863,0.21900000000000003,56.610358329970005,1.7,0
2017-02-10,45.90000153,0.21900000000000003,55.95210186507,1.7,-1.1627844873603537
2017-02-13,45.90000153,0.21900000000000003,55.95210186507,1.7,0
2017-02-14,45.90000153,0.21900000000000003,55.95210186507,1.7,0
2017-02-15,46.79999924,0.21900000000000003,57.04919907356,1.7,1.96077925925943
2017-02-16,45,0.21900000000000003,54.855,1.7,-3.8461522846811014
2017-02-17,45.90000153,0.21900000000000003,55.95210186507,1.7,2.000003399999994
2017-02-21,45.90000153,0.21900000000000003,55.95210186507,1.7,0
2017-02-22,46.79999924,0.21900000000000003,57.04919907356,1.7,1.96077925925943
2017-02-23,45.90000153,0.21900000000000003,55.95210186507,1.7,-1.9230720611439072
2017-02-24,46.43999863,0.21900000000000003,56.610358329970005,1.7,1.1764642309370328
2017-02-27,46.79999924,0.21900000000000003,57.04919907356,1.7,0.7751951348410282
2017-02-28,45.90000153,0.21900000000000003,55.95210186507,1.7,-1.9230720611439072
2017-03-01,45.90000153,0.243,57.05370190178999,1.7,0
2017-03-02,45.90000153,0.243,57.05370190178999,1.7,0
2017-03-03,45.90000153,0.243,57.05370190178999,1.7,0
2017-03-06,45.90000153,0.243,57.05370190178999,1.7,0
2017-03-07,43.20000076,0.243,53.69760094468,1.7,-5.882354422657894
2017-03-08,44.63999939,0.243,55.487519241769995,1.7,3.3333301033951135
2017-03-09,45,0.243,55.934999999999995,1.7,0.8064529904107604
2017-03-10,45,0.243,55.934999999999995,1.7,0
2017-03-13,44.09999847,0.243,54.81629809821,1.7,-2.000003399999994
2017-03-14,42.29999924,0.243,52.578899055319994,1.7,-4.081631048637096
2017-03-15,45,0.243,55.934999999999995,1.7,6.382980634776962
2017-03-16,45.90000153,0.243,57.05370190178999,1.7,2.000003399999994
2017-03-17,46.79999924,0.243,58.17239905531999,1.7,1.96077925925943
2017-03-20,44.09999847,0.243,54.81629809821,1.7,-5.7692325082182965
2017-03-21,45,0.243,55.934999999999995,1.7,2.0408198667223156
2017-03-22,44.09999847,0.243,54.81629809821,1.7,-2.000003399999994
2017-03-23,45,0.243,55.934999999999995,1.7,2.0408198667223156
2017-03-24,47.70000076,0.243,59.29110094468,1.7,6.000001688888893
2017-03-27,46.43999863,0.243,57.72491829708999,1.7,-2.6415138572840635
2017-03-28,45.90000153,0.243,57.05370190178999,1.7,-1.1627844873603537
2017-03-29,46.79999924,0.243,58.17239905531999,1.7,1.96077925925943
2017-03-30,45.90000153,0.243,57.05370190178999,1.7,-1.9230720611439072
2017-03-31,45.90000153,0.243,57.05370190178999,1.7,0
2017-04-03,43.20000076,0.265,54.64800096140001,2,-5.882354422657894
2017-04-04,44.09999847,0.265,55.78649806455001,2,2.0833279957562687
2017-04-05,42.29999924,0.265,53.509499038600005,2,-4.081631048637096
2017-04-06,44.09999847,0.265,55.78649806455001,2,4.255317405060087
2017-04-07,42.29999924,0.265,53.509499038600005,2,-4.081631048637096
2017-04-10,44.09999847,0.265,55.78649806455001,2,4.255317405060087
2017-04-11,42.29999924,0.265,53.509499038600005,2,-4.081631048637096
2017-04-12,41.40000153,0.265,52.37100193545,2,-2.12765419898386
2017-04-13,43.20000076,0.265,54.64800096140001,2,4.347824066372697
2017-04-17,42.29999924,0.265,53.509499038600005,2,-2.083336815200564
2017-04-18,42.29999924,0.265,53.509499038600005,2,0
2017-04-19,42.84000015,0.265,54.19260018975001,2,1.2765979189176067
2017-04-20,45.90000153,0.265,58.06350193545,2,7.142860339135633
2017-04-21,46.79999924,0.265,59.2019990386,2,1.96077925925943
2017-04-24,45.90000153,0.265,58.06350193545,2,-1.9230720611439072
2017-04-25,45,0.265,56.925,2,-1.9607875816992317
2017-04-26,45.90000153,0.265,58.06350193545,2,2.000003399999994
2017-04-27,48.59999847,0.265,61.47899806455001,2,5.882346078431613
2017-04-28,47.70000076,0.265,60.34050096140001,2,-1.8518471982165905
2017-05-01,47.70000076,0.28400000000000003,61.24680097584,2,0
2017-05-02,45,0.28400000000000003,57.78,2,-5.660378861595644
2017-05-03,45.90000153,0.28400000000000003,58.935601964520004,2,2.000003399999994
2017-05-04,44.63999939,0.28400000000000003,57.31775921676,2,-2.7451026100216285
2017-05-05,43.20000076,0.28400000000000003,55.46880097584,2,-3.225803426696682
2017-05-08,45.90000153,0.28400000000000003,58.935601964520004,2,6.250001672453663
2017-05-09,43.20000076,0.28400000000000003,55.46880097584,2,-5.882354422657894
2017-05-10,43.20000076,0.28400000000000003,55.46880097584,2,0
2017-05-11,43.20000076,0.28400000000000003,55.46880097584,2,0
2017-05-12,42.29999924,0.28400000000000003,54.31319902416,2,-2.083336815200564
2017-05-15,43.91999817,0.28400000000000003,56.39327765028,2,3.829784773301101
2017-05-16,43.20000076,0.28400000000000003,55.46880097584,2,-1.6393384335152348
2017-05-17,43.20000076,0.28400000000000003,55.46880097584,2,0
2017-05-18,43.20000076,0.28400000000000003,55.46880097584,2,0
2017-05-19,44.09999847,0.28400000000000003,56.624398035480006,2,2.0833279957562687
2017-05-22,43.20000076,0.28400000000000003,55.46880097584,2,-2.0408112045905042
2017-05-23,42.29999924,0.28400000000000003,54.31319902416,2,-2.083336815200564
2017-05-24,44.09999847,0.28400000000000003,56.624398035480006,2,4.255317405060087
2017-05-25,42.29999924,0.28400000000000003,54.31319902416,2,-4.081631048637096
2017-05-26,42.29999924,0.28400000000000003,54.31319902416,2,0
2017-05-30,44.09999847,0.28400000000000003,56.624398035480006,2,4.255317405060087
2017-05-31,43.20000076,0.28400000000000003,55.46880097584,2,-2.0408112045905042
2017-06-01,43.20000076,0.3,56.16000098800001,2,0
2017-06-02,42.29999924,0.3,54.989999012,2,-2.083336815200564
2017-06-05,42.29999924,0.3,54.989999012,2,0
2017-06-06,42.29999924,0.3,54.989999012,2,0
2017-06-07,41.40000153,0.3,53.820001989,2,-2.12765419898386
2017-06-08,41.40000153,0.3,53.820001989,2,0
2017-06-09,41.40000153,0.3,53.820001989,2,0
2017-06-12,40.5,0.3,52.65,2,-2.1739166587900303
2017-06-13,41.93999863,0.3,54.521998219,2,3.555552172839501
2017-06-14,40.5,0.3,52.65,2,-3.43347324043534
2017-06-15,42.29999924,0.3,54.989999012,2,4.4444425679012305
2017-06-16,41.40000153,0.3,53.820001989,2,-2.12765419898386
2017-06-19,41.40000153,0.3,53.820001989,2,0
2017-06-20,42.29999924,0.3,54.989999012,2,2.17390743173724
2017-06-21,44.09999847,0.3,57.32999801100001,2,4.255317405060087
2017-06-22,44.09999847,0.3,57.32999801100001,2,0
2017-06-23,42.29999924,0.3,54.989999012,2,-4.081631048637096
2017-06-26,45,0.3,58.5,2,6.382980634776962
2017-06-27,44.09999847,0.3,57.32999801100001,2,-2.000003399999994
2017-06-28,43.20000076,0.3,56.16000098800001,2,-2.0408112045905042
2017-06-29,43.20000076,0.3,56.16000098800001,2,0
2017-06-30,43.20000076,0.3,56.16000098800001,2,0
2017-07-03,42.29999924,0.317,55.70909899908,3.4,-2.083336815200564
2017-07-05,42.29999924,0.317,55.70909899908,3.4,0
2017-07-06,44.09999847,0.317,58.07969798499,3.4,4.255317405060087
2017-07-07,46.79999924,0.317,61.63559899908,3.4,6.1224509380351355
2017-07-10,47.70000076,0.317,62.82090100092,3.4,1.9230802021696862
2017-07-11,46.79999924,0.317,61.63559899908,3.4,-1.8867956093508529
2017-07-12,46.79999924,0.317,61.63559899908,3.4,0
2017-07-13,44.09999847,0.317,58.07969798499,3.4,-5.7692325082182965
2017-07-14,43.20000076,0.317,56.89440100092,3.4,-2.0408112045905042
2017-07-17,45,0.317,59.265,3.4,4.166664834104966
2017-07-18,43.20000076,0.317,56.89440100092,3.4,-3.9999983111111073
2017-07-19,44.63999939,0.317,58.790879196629994,3.4,3.3333301033951135
2017-07-20,44.63999939,0.317,58.790879196629994,3.4,0
2017-07-21,43.56000137,0.317,57.36852180429,3.4,-2.4193504362859217
2017-07-24,44.09999847,0.317,58.07969798499,3.4,1.2396627250152008
2017-07-25,43.20000076,0.317,56.89440100092,3.4,-2.0408112045905042
2017-07-26,42.84000015,0.317,56.42028019755,3.4,-0.8333347307098523
2017-07-27,38.34000015,0.317,50.49378019755,3.4,-10.50420164389285
2017-07-28,36.90000153,0.317,48.597302015009994,3.4,-3.7558649305326206
2017-07-31,33.29999924,0.317,43.85609899908,3.4,-9.756103362416308
2017-08-01,34.20000076,0.336,45.69120101536001,3.4,2.7027073289506887
2017-08-02,34.20000076,0.336,45.69120101536001,3.4,0
2017-08-03,36.90000153,0.336,49.29840204408,3.4,7.894738918128595
2017-08-04,34.20000076,0.336,45.69120101536001,3.4,-7.31707495406165
2017-08-07,34.20000076,0.336,45.69120101536001,3.4,0
2017-08-08,32.93999863,0.336,44.00783816968,3.4,-3.684216672514494
2017-08-09,30.60000038,0.336,40.881600507680005,3.4,-7.103820119375631
2017-08-10,26.10000038,0.336,34.869600507680005,3.4,-14.705882170319109
2017-08-11,26.10000038,0.336,34.869600507680005,3.4,0
2017-08-14,23.94000053,0.336,31.98384070808,3.4,-8.275861373761414
2017-08-15,20.700000760000002,0.336,27.655201015360003,3.4,-13.533833326109775
2017-08-16,21.60000038,0.336,28.857600507680004,3.4,4.347824091577468
2017-08-17,22.5,0.336,30.06,3.4,4.166664834104966
2017-08-18,22.86000061,0.336,30.54096081496,3.4,1.6000027111111117
2017-08-21,20.700000760000002,0.336,27.655201015360003,3.4,-9.448817989335996
2017-08-22,18.89999962,0.336,25.25039949232,3.4,-8.695657361898583
2017-08-23,19.799999239999998,0.336,26.45279898464,3.4,4.761902847064709
2017-08-24,20.700000760000002,0.336,27.655201015360003,3.4,4.545462396694535
2017-08-25,21.23999977,0.336,28.37663969272,3.4,2.608690773787193
2017-08-28,19.799999239999998,0.336,26.45279898464,3.4,-6.779663585655503
2017-08-29,20.700000760000002,0.336,27.655201015360003,3.4,4.545462396694535
2017-08-30,18.89999962,0.336,25.25039949232,3.4,-8.695657361898583
2017-08-31,19.799999239999998,0.336,26.45279898464,3.4,4.761902847064709
2017-09-01,19.799999239999998,0.358,26.88839896792,3.4,0
2017-09-05,20.700000760000002,0.358,28.110601032080005,3.4,4.545462396694535
2017-09-06,20.700000760000002,0.358,28.110601032080005,3.4,0
2017-09-07,19.799999239999998,0.358,26.88839896792,3.4,-4.347833270321114
2017-09-08,21.60000038,0.358,29.33280051604,3.4,9.090915197429082
2017-09-11,21.42000008,0.358,29.088360108640003,3.4,-0.8333347075617026
2017-09-12,21.60000038,0.358,29.33280051604,3.4,0.8403375318754884
2017-09-13,21.60000038,0.358,29.33280051604,3.4,0
2017-09-14,22.5,0.358,30.555000000000003,3.4,4.166664834104966
2017-09-15,21.60000038,0.358,29.33280051604,3.4,-3.9999983111111073
2017-09-18,20.700000760000002,0.358,28.110601032080005,3.4,-4.166664834104966
2017-09-19,20.700000760000002,0.358,28.110601032080005,3.4,0
2017-09-20,21.60000038,0.358,29.33280051604,3.4,4.347824091577468
2017-09-21,21.23999977,0.358,28.84391968766,3.4,-1.6666694614197046
2017-09-22,21.60000038,0.358,29.33280051604,3.4,1.6949181445306587
2017-09-25,20.700000760000002,0.358,28.110601032080005,3.4,-4.166664834104966
2017-09-26,21.42000008,0.358,29.088360108640003,3.4,3.478257456836922
2017-09-27,20.87999916,0.358,28.355038859280004,3.4,-2.5210126889971542
2017-09-28,20.700000760000002,0.358,28.110601032080005,3.4,-0.862061337362615
2017-09-29,20.700000760000002,0.358,28.110601032080005,3.4,0
2017-10-02,20.700000760000002,0.37799999999999995,28.52460104728,4.1,0
2017-10-03,23.39999962,0.37799999999999995,32.24519947635999,4.1,13.043472274732403
2017-10-04,27.89999962,0.37799999999999995,38.44619947635999,4.1,19.23076954306378
2017-10-05,27,0.37799999999999995,37.206,4.1,-3.225805133541429
2017-10-06,27,0.37799999999999995,37.206,4.1,0
2017-10-09,29.700000760000002,0.37799999999999995,40.92660104728,4.1,10.000002814814822
2017-10-10,27,0.37799999999999995,37.206,4.1,-9.090911417202273
2017-10-11,27.89999962,0.37799999999999995,38.44619947635999,4.1,3.3333319259259224
2017-10-12,27,0.37799999999999995,37.206,4.1,-3.225805133541429
2017-10-13,27.89999962,0.37799999999999995,38.44619947635999,4.1,3.3333319259259224
2017-10-16,24.84000015,0.37799999999999995,34.2295202067,4.1,-10.967740185223693
2017-10-17,24.299999239999998,0.37799999999999995,33.48539895272,4.1,-2.1739166937968126
2017-10-18,25.200000760000002,0.37799999999999995,34.72560104728,4.1,3.7037100746839515
2017-10-19,23.39999962,0.37799999999999995,32.24519947635999,4.1,-7.142861451247046
2017-10-20,22.5,0.37799999999999995,31.005,4.1,-3.8461522846811014
2017-10-23,24.299999239999998,0.37799999999999995,33.48539895272,4.1,7.9999966222222145
2017-10-24,22.86000061,0.37799999999999995,31.50108084058,4.1,-5.925920473403266
2017-10-25,23.94000053,0.37799999999999995,32.98932073034,4.1,4.724408972795731
2017-10-26,24.12000084,0.37799999999999995,33.23736115752,4.1,0.7518809775063965
2017-10-27,23.39999962,0.37799999999999995,32.24519947635999,4.1,-2.9850795809507953
2017-10-30,21.60000038,0.37799999999999995,29.76480052364,4.1,-7.692304569362203
2017-10-31,21.78000069,0.37799999999999995,30.01284095082,4.1,0.833334753858002
2017-11-01,22.13999939,0.4,30.995999146,4.1,1.6528865408405937
2017-11-02,21.78000069,0.4,30.492000966,4.1,-1.6260104332369563
2017-11-03,22.13999939,0.4,30.995999146,4.1,1.6528865408405937
2017-11-06,21.60000038,0.4,30.240000532,4.1,-2.43901998589892
2017-11-07,21.60000038,0.4,30.240000532,4.1,0
2017-11-08,21.23999977,0.4,29.735999678,4.1,-1.6666694614197046
2017-11-09,21.60000038,0.4,30.240000532,4.1,1.6949181445306587
2017-11-10,20.700000760000002,0.4,28.980001064,4.1,-4.166664834104966
2017-11-13,21.23999977,0.4,29.735999678,4.1,2.608690773787193
2017-11-14,20.87999916,0.4,29.231998824,4.1,-1.6949181445306587
2017-11-15,21.60000038,0.4,30.240000532,4.1,3.4482818437048266
2017-11-16,26.10000038,0.4,36.540000532,4.1,20.833332966820993
2017-11-17,26.10000038,0.4,36.540000532,4.1,0
2017-11-20,27,0.4,37.8,4.1,3.4482743559255042
2017-11-21,26.63999939,0.4,37.295999146,4.1,-1.3333355925925932
2017-11-22,26.63999939,0.4,37.295999146,4.1,0
2017-11-24,26.10000038,0.4,36.540000532,4.1,-2.027023357225381
2017-11-27,24.299999239999998,0.4,34.01999893599999,4.1,-6.896555991544405
2017-11-28,22.5,0.4,31.499999999999996,4.1,-7.407404511507294
2017-11-29,22.5,0.4,31.499999999999996,4.1,0
2017-11-30,23.39999962,0.4,32.759999468,4.1,3.9999983111111073
2017-12-01,24.299999239999998,0.421,34.530298920039996,4.1,3.8461522846811014
2017-12-04,22.68000031,0.421,32.228280440510005,4.1,-6.666662471879146
2017-12-05,22.86000061,0.421,32.484060866810005,4.1,0.7936521055541363
2017-12-06,23.39999962,0.421,33.25139946002,4.1,2.3622003306674406
2017-12-07,22.5,0.421,31.9725,4.1,-3.8461522846811014
2017-12-08,22.5,0.421,31.9725,4.1,0
2017-12-11,23.39999962,0.421,33.25139946002,4.1,3.9999983111111073
2017-12-12,23.39999962,0.421,33.25139946002,4.1,0
2017-12-13,26.10000038,0.421,37.088100539980005,4.1,11.538464973701576
2017-12-14,24.84000015,0.421,35.297640213150004,4.1,-4.827587017835895
2017-12-15,26.10000038,0.421,37.088100539980005,4.1,5.072464663411039
2017-12-18,25.200000760000002,0.421,35.809201079960005,4.1,-3.4482743559255042
2017-12-19,25.73999977,0.421,36.57653967317,4.1,2.14285314965998
2017-12-20,25.200000760000002,0.421,35.809201079960005,4.1,-2.0978982704940363
2017-12-21,24.299999239999998,0.421,34.530298920039996,4.1,-3.571434495464688
2017-12-22,25.200000760000002,0.421,35.809201079960005,4.1,3.7037100746839515
2017-12-26,23.39999962,0.421,33.25139946002,4.1,-7.142861451247046
2017-12-27,24.47999954,0.421,34.78607934634,4.1,4.6153843484549695
2017-12-28,24.299999239999998,0.421,34.530298920039996,4.1,-0.7352953569540925
2017-12-29,24.299999239999998,0.421,34.530298920039996,4.1,0
2018-01-02,24.299999239999998,0.442,35.04059890408,2.8,0
2018-01-03,26.10000038,0.442,37.63620054796,2.8,7.407412330437599
2018-01-04,27,0.442,38.934,2.8,3.4482743559255042
2018-01-05,27,0.442,38.934,2.8,0
2018-01-08,29.700000760000002,0.442,42.82740109592,2.8,10.000002814814822
2018-01-09,32.04000092,0.442,46.20168132663999,2.8,7.8787882158963125
2018-01-10,31.5,0.442,45.423,2.8,-1.68539608144305
2018-01-11,31.5,0.442,45.423,2.8,0
2018-01-12,29.700000760000002,0.442,42.82740109592,2.8,-5.714283301587296
2018-01-16,29.700000760000002,0.442,42.82740109592,2.8,0
2018-01-17,28.799999239999998,0.442,41.52959890408,2.8,-3.0303080706049235
2018-01-18,27.89999962,0.442,40.23179945204,2.8,-3.124998763020798
2018-01-19,28.799999239999998,0.442,41.52959890408,2.8,3.225805133541429
2018-01-22,29.700000760000002,0.442,42.82740109592,2.8,3.1250053602432097
2018-01-23,30.23999977,0.442,43.60607966834,2.8,1.8181784383227029
2018-01-24,31.5,0.442,45.423,2.8,4.166667458939598
2018-01-25,33.29999924,0.442,48.018598904079994,2.8,5.714283301587296
2018-01-26,33.84000015,0.442,48.7972802163,2.8,1.6216243913644106
2018-01-29,34.20000076,0.442,49.31640109592,2.8,1.0638315851189504
2018-01-30,32.40000153,0.442,46.72080220626,2.8,-5.263155526315854
2018-01-31,29.700000760000002,0.442,42.82740109592,2.8,-8.333335316357918
2018-02-01,31.5,0.464,46.116,2.8,6.0606033465973495
2018-02-02,30.23999977,0.464,44.27135966328,2.8,-4.000000730158728
2018-02-05,28.799999239999998,0.464,42.16319888736,2.8,-4.761906550768477
2018-02-06,29.34000015,0.464,42.9537602196,2.8,1.8750032092014854
2018-02-07,29.700000760000002,0.464,43.48080111264,2.8,1.2269959378306279
2018-02-08,28.799999239999998,0.464,42.16319888736,2.8,-3.0303080706049235
2018-02-09,28.799999239999998,0.464,42.16319888736,2.8,0
2018-02-12,27.89999962,0.464,40.84559944368,2.8,-3.124998763020798
2018-02-13,28.799999239999998,0.464,42.16319888736,2.8,3.225805133541429
2018-02-14,28.799999239999998,0.464,42.16319888736,2.8,0
2018-02-15,29.700000760000002,0.464,43.48080111264,2.8,3.1250053602432097
2018-02-16,29.700000760000002,0.464,43.48080111264,2.8,0
2018-02-20,29.700000760000002,0.464,43.48080111264,2.8,0
2018-02-21,27.89999962,0.464,40.84559944368,2.8,-6.060609743903598
2018-02-22,27.89999962,0.464,40.84559944368,2.8,0
2018-02-23,28.799999239999998,0.464,42.16319888736,2.8,3.225805133541429
2018-02-26,8.100000381,0.464,11.858400557783998,2.8,-71.87499793489577
2018-02-27,11.52000046,0.464,16.86528067344,2.8,42.2222212115227
2018-02-28,14.57999992,0.464,21.34511988288,2.8,26.562494251844846
2018-03-01,12.96000004,0.488,19.28448005952,2.8,-11.111110349032154
2018-03-02,12.42000008,0.488,18.48096011904,2.8,-4.166666345164619
2018-03-05,12.23999977,0.488,18.21311965776,2.8,-1.4492778489579423
2018-03-06,12.23999977,0.488,18.21311965776,2.8,0
2018-03-07,12.23999977,0.488,18.21311965776,2.8,0
2018-03-08,11.15999985,0.488,16.6060797768,2.8,-8.823528923971544
2018-03-09,11.69999981,0.488,17.40959971728,2.8,4.838709384032827
2018-03-12,11.34000015,0.488,16.8739202232,2.8,-3.0769202209072493
2018-03-13,10.97999954,0.488,16.33823931552,2.8,-3.1746085117997125
2018-03-14,12.77999973,0.488,19.01663959824,2.8,16.393445040162547
2018-03-15,11.88000011,0.488,17.67744016368,2.8,-7.042250696510781
2018-03-16,11.69999981,0.488,17.40959971728,2.8,-1.5151540263748338
2018-03-19,11.69999981,0.488,17.40959971728,2.8,0
2018-03-20,11.15999985,0.488,16.6060797768,2.8,-4.615384348454954
2018-03-21,11.15999985,0.488,16.6060797768,2.8,0
2018-03-22,10.97999954,0.488,16.33823931552,2.8,-1.6129060252630782
2018-03-23,9.899999619,0.488,14.731199433072002,2.8,-9.836065266356094
2018-03-26,9.180000305,0.488,13.65984045384,2.8,-7.2727206233239015
2018-03-27,9.359999657,0.488,13.927679489616,2.8,1.9607771897563069
2018-03-28,8.819999695,0.488,13.12415954616,2.8,-5.769230574663039
2018-03-29,9,0.488,13.392,2.8,2.0408198551530683
2018-04-02,9.359999657,0.513,14.161679481040998,2.8,3.999996188888883
2018-04-03,8.819999695,0.513,13.344659538535,2.8,-5.769230574663039
2018-04-04,9,0.513,13.617,2.8,2.0408198551530683
2018-04-05,9.180000305,0.513,13.889340461464998,2.8,2.0000033888888895
2018-04-06,9.180000305,0.513,13.889340461464998,2.8,0
2018-04-09,9.180000305,0.513,13.889340461464998,2.8,0
2018-04-10,9,0.513,13.617,2.8,-1.9607875710195861
2018-04-11,9.180000305,0.513,13.889340461464998,2.8,2.0000033888888895
2018-04-12,9.899999619,0.513,14.978699423547,2.8,7.843129521551805
2018-04-13,10.26000023,0.513,15.523380347989995,2.8,3.636369948025939
2018-04-16,9.720000267,0.513,14.706360403971,2.8,-5.263157416128047
2018-04-17,9.720000267,0.513,14.706360403971,2.8,0
2018-04-18,10.97999954,0.513,16.61273930402,2.8,12.96295512745792
2018-04-19,10.26000023,0.513,15.523380347989995,2.8,-6.5573710397441465
2018-04-20,10.07999992,0.513,15.25103987896,2.8,-1.7543889470263565
2018-04-23,10.26000023,0.513,15.523380347989995,2.8,1.7857173752834583
2018-04-24,9.359999657,0.513,14.161679481040998,2.8,-8.7719352127149
2018-04-25,9.359999657,0.513,14.161679481040998,2.8,0
2018-04-26,9.539999962,0.513,14.434019942505998,2.8,1.9230802520957837
2018-04-27,9.359999657,0.513,14.161679481040998,2.8,-1.8867956574107174
2018-04-30,9.359999657,0.513,14.161679481040998,2.8,0
2018-05-01,9.359999657,0.541,14.423759471436998,2.8,0
2018-05-02,9.180000305,0.541,14.146380470005,2.8,-1.9230700704714716
2018-05-03,8.819999695,0.541,13.591619529995,2.8,-3.9215751420391722
2018-05-04,9.180000305,0.541,14.146380470005,2.8,4.081639710306137
2018-05-07,9.180000305,0.541,14.146380470005,2.8,0
2018-05-08,9.539999962,0.541,14.701139941442,2.8,3.9215647607758926
2018-05-09,9.539999962,0.541,14.701139941442,2.8,0
2018-05-10,10.97999954,0.541,16.92017929114,2.8,15.094335259285613
2018-05-11,9.899999619,0.541,15.255899412879,2.8,-9.836065266356094
2018-05-14,10.80000019,0.541,16.64280029279,2.8,9.090915208448349
2018-05-15,10.07999992,0.541,15.53327987672,2.8,-6.666669049382673
2018-05-16,10.07999992,0.541,15.53327987672,2.8,0
2018-05-17,10.26000023,0.541,15.81066035443,2.8,1.7857173752834583
2018-05-18,10.26000023,0.541,15.81066035443,2.8,0
2018-05-21,11.52000046,0.541,17.75232070886,2.8,12.280703720802949
2018-05-22,11.15999985,0.541,17.19755976885,2.8,-3.125005170355698
2018-05-23,11.69999981,0.541,18.02969970721,2.8,4.838709384032827
2018-05-24,11.34000015,0.541,17.47494023115,2.8,-3.0769202209072493
2018-05-25,11.34000015,0.541,17.47494023115,2.8,0
2018-05-29,9.539999962,0.541,14.701139941442,2.8,-15.873017320903655
2018-05-30,9.359999657,0.541,14.423759471436998,2.8,-1.8867956574107174
2018-05-31,10.07999992,0.541,15.53327987672,2.8,7.692310784023794
2018-06-01,10.07999992,0.57,15.8255998744,2.8,0
2018-06-04,9.720000267,0.57,15.260400419189995,2.8,-3.5714251573129068
2018-06-05,9.720000267,0.57,15.260400419189995,2.8,0
2018-06-06,9.539999962,0.57,14.977799940339995,2.8,-1.8518549388430803
2018-06-07,9.720000267,0.57,15.260400419189995,2.8,1.8867956574107174
2018-06-08,9.539999962,0.57,14.977799940339995,2.8,-1.8518549388430803
2018-06-11,9.359999657,0.57,14.695199461489995,2.8,-1.8867956574107174
2018-06-12,9.539999962,0.57,14.977799940339995,2.8,1.9230802520957837
2018-06-13,9.539999962,0.57,14.977799940339995,2.8,0
2018-06-14,9.180000305,0.57,14.41260047885,2.8,-3.773581325303568
2018-06-15,10.07999992,0.57,15.8255998744,2.8,9.803917048998404
2018-06-18,9.720000267,0.57,15.260400419189995,2.8,-3.5714251573129068
2018-06-19,9.359999657,0.57,14.695199461489995,2.8,-3.7037098776861606
2018-06-20,9.359999657,0.57,14.695199461489995,2.8,0
2018-06-21,9.359999657,0.57,14.695199461489995,2.8,0
2018-06-22,9.539999962,0.57,14.977799940339995,2.8,1.9230802520957837
2018-06-25,9.359999657,0.57,14.695199461489995,2.8,-1.8867956574107174
2018-06-26,9.539999962,0.57,14.977799940339995,2.8,1.9230802520957837
2018-06-27,9.720000267,0.57,15.260400419189995,2.8,1.8867956574107174
2018-06-28,10.26000023,0.57,16.108200361099996,2.8,5.555555022290821
2018-06-29,10.07999992,0.57,15.8255998744,2.8,-1.7543889470263565
2018-07-02,10.07999992,0.599,16.11791987208,2.9,0
2018-07-03,9.720000267,0.599,15.542280426933,2.9,-3.5714251573129068
2018-07-05,10.07999992,0.599,16.11791987208,2.9,3.7037000320074265
2018-07-06,9.899999619,0.599,15.830099390781,2.9,-1.785717285997754
2018-07-09,10.07999992,0.599,16.11791987208,2.9,1.8181849285584275
2018-07-10,10.43999958,0.599,16.69355932842,2.9,3.57142522675734
2018-07-11,10.07999992,0.599,16.11791987208,2.9,-3.448272744087598
2018-07-12,10.43999958,0.599,16.69355932842,2.9,3.57142522675734
2018-07-13,10.80000019,0.599,17.26920030381,2.9,3.4482818437048266
2018-07-16,10.61999989,0.599,16.98137982411,2.9,-1.6666694151234052
2018-07-17,10.43999958,0.599,16.69355932842,2.9,-1.6949181908136581
2018-07-18,10.43999958,0.599,16.69355932842,2.9,0
2018-07-19,10.26000023,0.599,16.405740367769997,2.9,-1.7241317743424756
2018-07-20,10.61999989,0.599,16.98137982411,2.9,3.508768537327816
2018-07-23,10.26000023,0.599,16.405740367769997,2.9,-3.3898273420792044
2018-07-24,10.43999958,0.599,16.69355932842,2.9,1.754379590301442
2018-07-25,11.15999985,0.599,17.84483976015,2.9,6.896554587792425
2018-07-26,10.97999954,0.599,17.55701926446,2.9,-1.6129060252630782
2018-07-27,10.43999958,0.599,16.69355932842,2.9,-4.918032628624312
2018-07-30,14.76000023,0.599,23.60124036777,2.9,41.37931823556643
2018-07-31,14.93999958,0.599,23.88905932842,2.9,1.2195077723247503
2018-08-01,12.23999977,0.626,19.90223962602,2.9,-18.072288392929124
2018-08-02,13.31999969,0.626,21.65831949594,2.9,8.82352892397153
2018-08-03,13.5,0.626,21.950999999999997,2.9,1.3513537101291067
2018-08-06,13.5,0.626,21.950999999999997,2.9,0
2018-08-07,12.42000008,0.626,20.194920130079996,2.9,-7.999999407407412
2018-08-08,12.06000042,0.626,19.60956068292,2.9,-2.8985479684473536
2018-08-09,12.42000008,0.626,20.194920130079996,2.9,2.9850717036708008
2018-08-10,11.88000011,0.626,19.316880178859996,2.9,-4.347825817405311
2018-08-13,10.97999954,0.626,17.85347925204,2.9,-7.575762303591422
2018-08-14,11.15999985,0.626,18.1461597561,2.9,1.6393471542895939
2018-08-15,10.80000019,0.626,17.56080030894,2.9,-3.2258034483754914
2018-08-16,10.80000019,0.626,17.56080030894,2.9,0
2018-08-17,10.26000023,0.626,16.68276037398,2.9,-4.999999541666686
2018-08-20,10.43999958,0.626,16.97543931708,2.9,1.754379590301442
2018-08-21,11.15999985,0.626,18.1461597561,2.9,6.896554587792425
2018-08-22,10.43999958,0.626,16.97543931708,2.9,-6.451615409295905
2018-08-23,10.43999958,0.626,16.97543931708,2.9,0
2018-08-24,10.43999958,0.626,16.97543931708,2.9,0
2018-08-27,10.80000019,0.626,17.56080030894,2.9,3.4482818437048266
2018-08-28,10.80000019,0.626,17.56080030894,2.9,0
2018-08-29,10.97999954,0.626,17.85347925204,2.9,1.6666606188272597
2018-08-30,11.15999985,0.626,18.1461597561,2.9,1.6393471542895939
2018-08-31,11.15999985,0.626,18.1461597561,2.9,0
2018-09-04,11.15999985,0.649,18.40283975265,2.9,0
2018-09-05,10.61999989,0.649,17.51237981861,2.9,-4.838709384032827
2018-09-06,10.61999989,0.649,17.51237981861,2.9,0
2018-09-07,10.07999992,0.649,16.621919868080003,2.9,-5.084745532892846
2018-09-10,10.26000023,0.649,16.918740379269998,2.9,1.7857173752834583
2018-09-11,10.26000023,0.649,16.918740379269998,2.9,0
2018-09-12,10.07999992,0.649,16.621919868080003,2.9,-1.7543889470263565
2018-09-13,9.720000267,0.649,16.028280440282998,2.9,-3.5714251573129068
2018-09-14,9.539999962,0.649,15.731459937338,2.9,-1.8518549388430803
2018-09-17,9.359999657,0.649,15.434639434393,2.9,-1.8867956574107174
2018-09-18,9.359999657,0.649,15.434639434393,2.9,0
2018-09-19,9.539999962,0.649,15.731459937338,2.9,1.9230802520957837
2018-09-20,9.359999657,0.649,15.434639434393,2.9,-1.8867956574107174
2018-09-21,9.180000305,0.649,15.137820502945,2.9,-1.9230700704714716
2018-09-24,9.359999657,0.649,15.434639434393,2.9,1.9607771897563069
2018-09-25,10.07999992,0.649,16.621919868080003,2.9,7.692310784023794
2018-09-26,9.539999962,0.649,15.731459937338,2.9,-5.357142482993204
2018-09-27,9.720000267,0.649,16.028280440282998,2.9,1.8867956574107174
2018-09-28,10.07999992,0.649,16.621919868080003,2.9,3.7037000320074265
2018-10-01,18.36000061,0.674,30.73464102114,0.7,82.14286464002272
2018-10-02,11.88000011,0.674,19.88712018414,0.7,-35.29411919774441
2018-10-03,12.42000008,0.674,20.79108013392,0.7,4.545454250841756
2018-10-04,12.42000008,0.674,20.79108013392,0.7,0
2018-10-05,11.88000011,0.674,19.88712018414,0.7,-4.347825817405311
2018-10-08,11.69999981,0.674,19.58579968194,0.7,-1.5151540263748338
2018-10-09,11.15999985,0.674,18.6818397489,0.7,-4.615384348454954
2018-10-10,10.61999989,0.674,17.77787981586,0.7,-4.838709384032827
2018-10-11,10.07999992,0.674,16.87391986608,0.7,-5.084745532892846
2018-10-12,10.80000019,0.674,18.07920031806,0.7,7.1428598781179335
2018-10-15,11.34000015,0.674,18.9831602511,0.7,4.999999541666669
2018-10-16,11.69999981,0.674,19.58579968194,0.7,3.1746001343747756
2018-10-17,11.69999981,0.674,19.58579968194,0.7,0
2018-10-18,11.34000015,0.674,18.9831602511,0.7,-3.0769202209072493
2018-10-19,11.34000015,0.674,18.9831602511,0.7,0
2018-10-22,11.15999985,0.674,18.6818397489,0.7,-1.5873042118081424
2018-10-23,10.43999958,0.674,17.47655929692,0.7,-6.451615409295905
2018-10-24,10.07999992,0.674,16.87391986608,0.7,-3.448272744087598
2018-10-25,9.899999619,0.674,16.572599362206002,0.7,-1.785717285997754
2018-10-26,10.07999992,0.674,16.87391986608,0.7,1.8181849285584275
2018-10-29,10.26000023,0.674,17.175240385019997,0.7,1.7857173752834583
2018-10-30,10.07999992,0.674,16.87391986608,0.7,-1.7543889470263565
2018-10-31,12.23999977,0.674,20.48975961498,0.7,21.428570110544207
2018-11-01,12.23999977,0.696,20.75903960992,0.7,0
2018-11-02,13.85999966,0.696,23.50655942336,0.7,13.23529346765665
2018-11-05,15.65999985,0.696,26.5593597456,0.7,12.987014676449139
2018-11-06,14.22000027,0.696,24.11712045792,0.7,-9.195399704936781
2018-11-07,14.399999619999999,0.696,24.422399355519996,0.7,1.2658181897488756
2018-11-08,14.57999992,0.696,24.72767986432,0.7,1.2500021163195103
2018-11-09,12.77999973,0.696,21.67487954208,0.7,-12.345680383241048
2018-11-12,12.77999973,0.696,21.67487954208,0.7,0
2018-11-13,12.96000004,0.696,21.98016006784,0.7,1.4084531596465104
2018-11-14,12.06000042,0.696,20.45376071232,0.7,-6.944441490912225
2018-11-15,9.720000267,0.696,16.485120452832,0.7,-19.402985667557715
2018-11-16,10.07999992,0.696,17.09567986432,0.7,3.7037000320074265
2018-11-19,9.720000267,0.696,16.485120452832,0.7,-3.5714251573129068
2018-11-20,9.539999962,0.696,16.179839935552,0.7,-1.8518549388430803
2018-11-21,9.359999657,0.696,15.874559418271998,0.7,-1.8867956574107174
2018-11-23,9.720000267,0.696,16.485120452832,0.7,3.8461605041915674
2018-11-26,9.539999962,0.696,16.179839935552,0.7,-1.8518549388430803
2018-11-27,9.539999962,0.696,16.179839935552,0.7,0
2018-11-28,9.899999619,0.696,16.790399353824,0.7,3.773581325303587
2018-11-29,9.539999962,0.696,16.179839935552,0.7,-3.6363603116619596
2018-11-30,9.359999657,0.696,15.874559418271998,0.7,-1.8867956574107174
2018-12-03,9.359999657,0.715,16.052399411754998,0.7,0
2018-12-04,9.180000305,0.715,15.743700523075,0.7,-1.9230700704714716
2018-12-06,9,0.715,15.435,0.7,-1.9607875710195861
2018-12-07,9.180000305,0.715,15.743700523075,0.7,2.0000033888888895
2018-12-10,9.180000305,0.715,15.743700523075,0.7,0
2018-12-11,9,0.715,15.435,0.7,-1.9607875710195861
2018-12-12,9.359999657,0.715,16.052399411754998,0.7,3.999996188888883
2018-12-13,9,0.715,15.435,0.7,-3.8461503225672553
2018-12-14,9.359999657,0.715,16.052399411754998,0.7,3.999996188888883
2018-12-17,9.180000305,0.715,15.743700523075,0.7,-1.9230700704714716
2018-12-18,8.460000038,0.715,14.50890006517,0.7,-7.843139902815064
2018-12-19,8.100000381,0.715,13.891500653414996,0.7,-4.255315075448954
2018-12-20,6.1199998859999996,0.715,10.495799804489998,0.7,-24.44444940576108
2018-12-21,5.21999979,0.715,8.952299639849999,0.7,-14.705884195501756
2018-12-24,5.579999924,0.715,9.56969986966,0.7,6.896554568635334
2018-12-26,5.0399999619999996,0.715,8.643599934829998,0.7,-9.67741880564227
2018-12-27,5.0399999619999996,0.715,8.643599934829998,0.7,0
2018-12-28,5.579999924,0.715,9.56969986966,0.7,10.714285041099778
2018-12-31,5.940000057,0.715,10.187100097754998,0.7,6.451615374609811
2019-01-02,5.940000057,0.731,10.282140098666998,2.2,0
2019-01-03,6.1199998859999996,0.731,10.593719802665998,2.2,3.0303001224365103
2019-01-04,6.840000153,0.731,11.840040264843,2.2,11.764710464244617
2019-01-07,6.840000153,0.731,11.840040264843,2.2,0
2019-01-08,6.659999847,0.731,11.528459735156998,2.2,-2.631583362188269
2019-01-09,6.840000153,0.731,11.840040264843,2.2,2.702707359386523
2019-01-10,7.019999981,0.731,12.151619967111,2.2,2.631576373884325
2019-01-11,7.019999981,0.731,12.151619967111,2.2,0
2019-01-14,7.3800001140000004,0.731,12.774780197334,2.2,5.128207036671795
2019-01-15,7.3800001140000004,0.731,12.774780197334,2.2,0
2019-01-16,7.3800001140000004,0.731,12.774780197334,2.2,0
2019-01-17,7.199999809,0.731,12.463199669379,2.2,-2.4390284853591817
2019-01-18,7.559999943,0.731,13.086359901333,2.2,5.00000199375005
2019-01-22,7.739999771,0.731,13.397939603601,2.2,2.3809501237717097
2019-01-23,7.199999809,0.731,12.463199669379,2.2,-6.976743901508309
2019-01-24,7.3800001140000004,0.731,12.774780197334,2.2,2.5000043024306704
2019-01-25,7.559999943,0.731,13.086359901333,2.2,2.4390220354947783
2019-01-28,7.739999771,0.731,13.397939603601,2.2,2.3809501237717097
2019-01-29,7.920000076,0.731,13.709520131556,2.2,2.3255854047233937
2019-01-30,7.920000076,0.731,13.709520131556,2.2,0
2019-01-31,7.559999943,0.731,13.086359901333,2.2,-4.545456181129458
2019-02-01,7.559999943,0.746,13.199759900478,2.2,0
2019-02-04,7.559999943,0.746,13.199759900478,2.2,0
2019-02-05,7.199999809,0.746,12.571199666514,2.2,-4.761906570294796
2019-02-06,7.019999981,0.746,12.256919966826,2.2,-2.499997677430502
2019-02-07,7.019999981,0.746,12.256919966826,2.2,0
2019-02-08,6.659999847,0.746,11.628359732862,2.2,-5.128207050916798
2019-02-11,6.480000019,0.746,11.314080033174,2.2,-2.7027001822091736
2019-02-12,6.840000153,0.746,11.942640267138,2.2,5.555557607167344
2019-02-13,7.3800001140000004,0.746,12.885480199044,2.2,7.8947360953370485
2019-02-14,7.199999809,0.746,12.571199666514,2.2,-2.4390284853591817
2019-02-15,7.019999981,0.746,12.256919966826,2.2,-2.499997677430502
2019-02-19,7.019999981,0.746,12.256919966826,2.2,0
2019-02-20,9.180000305,0.746,16.02828053253,2.2,30.769235467893946
2019-02-21,8.640000343,0.746,15.085440598878002,2.2,-5.882352331795478
2019-02-22,8.279999733,0.746,14.456879533818,2.2,-4.166673561438771
2019-02-25,7.920000076,0.746,13.828320132696,2.2,-4.3478220846459585
2019-02-26,8.460000038,0.746,14.771160066348,2.2,6.818181272956853
2019-02-27,8.279999733,0.746,14.456879533818,2.2,-2.1276631701121524
2019-02-28,8.460000038,0.746,14.771160066348,2.2,2.173916797154081
2019-03-01,8.460000038,0.765,14.931900067070002,2.2,0
2019-03-04,8.279999733,0.765,14.614199528745,2.2,-2.1276631701121524
2019-03-05,8.279999733,0.765,14.614199528745,2.2,0
2019-03-06,8.279999733,0.765,14.614199528745,2.2,0
2019-03-07,8.100000381,0.765,14.296500672465,2.2,-2.1739052874918876
2019-03-08,7.739999771,0.765,13.661099595815,2.2,-4.444451766254791
2019-03-11,7.739993572,0.765,13.661088654580002,2.2,-8.009044164014916e-5
2019-03-12,7.919993877,0.765,13.978789192905,2.2,2.3255872672964952
2019-03-13,7.379993916,0.765,13.025689261740002,2.2,-6.81818659693895
2019-03-14,7.559993744,0.765,13.34338895816,2.2,2.43902407032824
2019-03-15,7.019994259,0.765,12.390289867135,2.2,-7.1428562414958545
2019-03-18,7.199994087,0.765,12.707989563555,2.2,2.5641022108989815
2019-03-19,7.199994087,0.765,12.707989563555,2.2,0
2019-03-20,7.559993744,0.765,13.34338895816,2.2,4.999999342360564
2019-03-21,7.379993916,0.765,13.025689261740002,2.2,-2.380952076089439
2019-03-22,7.019994259,0.765,12.390289867135,2.2,-4.878048154206641
2019-03-25,6.839994431,0.765,12.072590170715,2.2,-2.564102210898969
2019-03-26,7.019994259,0.765,12.390289867135,2.2,2.631578575330564
2019-03-27,6.839994431,0.765,12.072590170715,2.2,-2.564102210898969
2019-03-28,6.659994602,0.765,11.75489047253,2.2,-2.63157858995046
2019-03-29,6.659994602,0.765,11.75489047253,2.2,0
2019-04-01,6.659994602,0.785,11.88809036457,2.7,0
2019-04-02,6.119995117,0.785,10.924191283845,2.7,-8.108106947081277
2019-04-03,5.939995289,0.785,10.602891590865,2.7,-2.941176006823938
2019-04-04,5.6199998859999996,0.785,10.03169979651,2.7,-5.387132269154904
2019-04-05,5.7100000380000004,0.785,10.192350067830002,2.7,1.601426224655281
2019-04-08,5.400000095,0.785,9.639000169575,2.7,-5.429070769473788
2019-04-09,5.75,0.785,10.263750000000002,2.7,6.481479608196188
2019-04-10,5.920000076,0.785,10.56720013566,2.7,2.956523060869565
2019-04-11,5.71999979,0.785,10.21019962515,2.7,-3.3783831660883217
2019-04-12,5.9600000380000004,0.785,10.63860006783,2.7,4.195808685510464
2019-04-15,5.730000019,0.785,10.228050033915002,2.7,-3.8590606968717642
2019-04-16,6.099999905,0.785,10.888499830425,2.7,6.4572405719567865
2019-04-17,5.809999943,0.785,10.370849898255,2.7,-4.754097811744139
2019-04-18,5.730000019,0.785,10.228050033915002,2.7,-1.376935022114509
2019-04-22,5.679999828,0.785,10.13879969298,2.7,-0.8726036794800319
2019-04-23,5.639999866,0.785,10.067399760810002,2.7,-0.7042247044236981
2019-04-24,5.690000057,0.785,10.156650101745,2.7,0.8865282302827565
2019-04-25,5.480000019,0.785,9.781800033915,2.7,-3.690686043871855
2019-04-26,5.400000095,0.785,9.639000169575,2.7,-1.4598526226756934
2019-04-29,5.150000095,0.785,9.192750169575,2.7,-4.629629548182443
2019-04-30,5.159999847,0.785,9.210599726895,2.7,0.1941699381657913
2019-05-01,10.25,0.8029999999999999,18.48075,2.7,98.64341674272147
2019-05-02,12.649999619999999,0.8029999999999999,22.807949314859997,2.7,23.414630439024382
2019-05-03,10.899999619999999,0.8029999999999999,19.65269931486,2.7,-13.833992510428233
2019-05-06,11.38000011,0.8029999999999999,20.51814019833,2.7,4.403674373706081
2019-05-07,12.57999992,0.8029999999999999,22.68173985576,2.7,10.544813694206558
2019-05-08,15.100000380000001,0.8029999999999999,27.22530068514,2.7,20.031800286370753
2019-05-09,15.100000380000001,0.8029999999999999,27.22530068514,2.7,0
2019-05-10,13,0.8029999999999999,23.439,2.7,-13.907286934783514
2019-05-13,11.69999981,0.8029999999999999,21.09509965743,2.7,-10.000001461538464
2019-05-14,10.98999977,0.8029999999999999,19.81496958531,2.7,-6.068376508802686
2019-05-15,10.18000031,0.8029999999999999,18.35454055893,2.7,-7.370331910389114
2019-05-16,9.300000191,0.8029999999999999,16.767900344373,2.7,-8.644401691575194
2019-05-17,9.409999847,0.8029999999999999,16.966229724140998,2.7,1.1827919757082443
2019-05-20,8.270000458,0.8029999999999999,14.910810825774,2.7,-12.114765223545064
2019-05-21,7.949999809,0.8029999999999999,14.333849655627,2.7,-3.8694151303274307
2019-05-22,7.170000076,0.8029999999999999,12.927510137028,2.7,-9.811317631944869
2019-05-23,7.010000229,0.8029999999999999,12.639030412887,2.7,-2.2315180656073386
2019-05-24,6.96999979,0.8029999999999999,12.56690962137,2.7,-0.5706196532565041
2019-05-28,6.510000229,0.8029999999999999,11.737530412887,2.7,-6.599706956375677
2019-05-29,6.25,0.8029999999999999,11.26875,2.7,-3.9938589839333796
2019-05-30,6.150000095,0.8029999999999999,11.088450171285,2.7,-1.5999984799999964
2019-05-31,5.7899999619999996,0.8029999999999999,10.439369931486,2.7,-5.853660608764603
2019-06-03,7.360000134,0.8190000000000001,13.387840243746,2.7,27.11571990162304
2019-06-04,7.300000191,0.8190000000000001,13.278700347428998,2.7,-0.8152166020055702
2019-06-05,7.2100000380000004,0.8190000000000001,13.114990069122,2.7,-1.232878775961654
2019-06-06,7.599999905,0.8190000000000001,13.824399827194998,2.7,5.409152079674362
2019-06-07,7.300000191,0.8190000000000001,13.278700347428998,2.7,-3.9473647072367974
2019-06-10,6.519999981,0.8190000000000001,11.859879965439,2.7,-10.684934103996929
2019-06-11,6.650000095,0.8190000000000001,12.096350172805,2.7,1.993866784951459
2019-06-12,6.340000153,0.8190000000000001,11.532460278307,2.7,-4.661653196562851
2019-06-13,6.679999828,0.8190000000000001,12.150919687132,2.7,5.362770769636598
2019-06-14,6.489999771,0.8190000000000001,11.805309583449,2.7,-2.8443123037757028
2019-06-17,6.400000095,0.8190000000000001,11.641600172805,2.7,-1.386743901011452
2019-06-18,6.239999771,0.8190000000000001,11.350559583449,2.7,-2.5000050253905552
2019-06-19,6.1300001140000004,0.8190000000000001,11.150470207366,2.7,-1.7628150807186862
2019-06-20,6.329999924,0.8190000000000001,11.514269861756,2.7,3.2626395804337753
2019-06-21,6.4600000380000004,0.8190000000000001,11.750740069122,2.7,2.0537143058581884
2019-06-24,6.670000076,0.8190000000000001,12.132730138244,2.7,3.2507745629211335
2019-06-25,7.420000076,0.8190000000000001,13.496980138244,2.7,11.244377682972608
2019-06-26,6.809999943,0.8190000000000001,12.387389896317,2.7,-8.221025967008357
2019-06-27,7.070000172,0.8190000000000001,12.860330312868,2.7,3.817918225788744
2019-06-28,7.320000172,0.8190000000000001,13.315080312868,2.7,3.536067806477558
2019-07-01,7.1199998859999996,0.8370000000000001,13.079439790582,3.6,-2.7322442800620297
2019-07-02,7.099999905,0.8370000000000001,13.042699825485,3.6,-0.2808986140480927
2019-07-03,6.980000019,0.8370000000000001,12.822260034903,3.6,-1.6901392620511528
2019-07-05,6.940000057,0.8370000000000001,12.748780104709,3.6,-0.5730653566062754
2019-07-08,6.7899999619999996,0.8370000000000001,12.473229930194,3.6,-2.1613846364266713
2019-07-09,6.860000134,0.8370000000000001,12.601820246158,3.6,1.0309303739580833
2019-07-10,6.900000095,0.8370000000000001,12.675300174515002,3.6,0.5830897991058314
2019-07-11,6.8699998859999996,0.8370000000000001,12.620189790582,3.6,-0.43478563169499007
2019-07-12,6.840000153,0.8370000000000001,12.565080281061002,3.6,-0.4366773434907081
2019-07-15,6.9600000380000004,0.8370000000000001,12.785520069806005,3.6,1.7543842443829307
2019-07-16,7.199999809,0.8370000000000001,13.226399649133002,3.6,3.4482725530123033
2019-07-17,7.199999809,0.8370000000000001,13.226399649133002,3.6,0
2019-07-18,6.920000076,0.8370000000000001,12.712040139612002,3.6,-3.888885283719045
2019-07-19,6.900000095,0.8370000000000001,12.675300174515002,3.6,-0.2890170632998094
2019-07-22,7.139999866,0.8370000000000001,13.116179753842,3.6,3.4782575028355835
2019-07-23,6.840000153,0.8370000000000001,12.565080281061002,3.6,-4.201676731516062
2019-07-24,6.909999847,0.8370000000000001,12.693669718939,3.6,1.0233873162897258
2019-07-25,6.980000019,0.8370000000000001,12.822260034903,3.6,1.0130271136024862
2019-07-26,6.800000191,0.8370000000000001,12.491600350867,3.6,-2.5787940904015714
2019-07-29,6.610000134,0.8370000000000001,12.142570246158002,3.6,-2.794118406812259
2019-07-30,6.8800001140000004,0.8370000000000001,12.638560209418005,3.6,4.084719735650168
2019-07-31,6.849999905,0.8370000000000001,12.583449825485,3.6,-0.43604954219337483
2019-08-01,6.349999905,0.8540000000000001,11.77289982387,3.6,-7.299270174223456
2019-08-02,6.1199998859999996,0.8540000000000001,11.346479788644,3.6,-3.6220475974952038
2019-08-05,6.5399999619999996,0.8540000000000001,12.125159929548,3.6,6.862746467704755
2019-08-06,6.059999943,0.8540000000000001,11.235239894322,3.6,-7.339449874449393
2019-08-07,6.139999866,0.8540000000000001,11.383559751564,3.6,1.3201307549913275
2019-08-08,6,0.8540000000000001,11.124,3.6,-2.2801281605109422
2019-08-09,6.139999866,0.8540000000000001,11.383559751564,3.6,2.3333311000000023
2019-08-12,5.8800001140000004,0.8540000000000001,10.901520211356,3.6,-4.2345237406231515
2019-08-13,6.110000134,0.8540000000000001,11.327940248436,3.6,3.911564890149922
2019-08-14,5.670000076,0.8540000000000001,10.512180140904,3.6,-7.201310120298597
2019-08-15,5.550000191,0.8540000000000001,10.289700354114,3.6,-2.1164000598154553
2019-08-16,5.639999866,0.8540000000000001,10.456559751564,3.6,1.6216157099588198
2019-08-19,5.25,0.8540000000000001,9.7335,3.6,-6.914891405424727
2019-08-20,4.949999809,0.8540000000000001,9.177299645886,3.6,-5.714289352380946
2019-08-21,5.349999905,0.8540000000000001,9.91889982387,3.6,8.080810332007013
2019-08-22,5.849999905,0.8540000000000001,10.84589982387,3.6,9.345794558476726
2019-08-23,5.489999771,0.8540000000000001,10.178459575434,3.6,-6.153848544378735
2019-08-26,5.590000153,0.8540000000000001,10.363860283662,3.6,1.82150065885677
2019-08-27,5.300000191,0.8540000000000001,9.826200354114,3.6,-5.187834598615626
2019-08-28,5.21999979,0.8540000000000001,9.677879610660002,3.6,-1.5094414739050244
2019-08-29,5.679999828,0.8540000000000001,10.530719681112,3.6,8.81226161888408
2019-08-30,5.6199998859999996,0.8540000000000001,10.419479788644,3.6,-1.056337039029927
2019-09-03,5.260000229,0.871,9.841460428459,3.6,-6.405687976912524
2019-09-04,5.349999905,0.871,10.009849822255,3.6,1.7110203817825669
2019-09-05,5.21999979,0.871,9.76661960709,3.6,-2.429908734736691
2019-09-06,5.360000134,0.871,10.028560250714,3.6,2.681999035099573
2019-09-09,5.570000172,0.871,10.421470321812,3.6,3.91791105876865
2019-09-10,5.699999809,0.871,10.664699642639,3.6,2.333925188252221
2019-09-11,6.449999809,0.871,12.067949642639,3.6,13.157895177747015
2019-09-12,6.179999828,0.871,11.562779678188,3.6,-4.186046341013165
2019-09-13,6.079999924,0.871,11.375679857804,3.6,-1.618121468983311
2019-09-16,6.429999828,0.871,12.030529678188,3.6,5.7565774403782655
2019-09-17,5.929999828,0.871,11.095029678188,3.6,-7.77604997472482
2019-09-18,5.7899999619999996,0.871,10.833089928902,3.6,-2.3608747059140747
2019-09-19,5.739999771,0.871,10.739539571541,3.6,-0.8635611628351103
2019-09-20,5.6300001140000004,0.871,10.533730213294,3.6,-1.9163704074649426
2019-09-23,5.670000076,0.871,10.608570142196,3.6,0.7104788843704019
2019-09-24,5.5,0.871,10.2905,3.6,-2.9982376317696544
2019-09-25,5.400000095,0.871,10.103400177745,3.6,-1.818180090909087
2019-09-26,5.2899999619999996,0.871,9.897589928902,3.6,-2.0370394641632066
2019-09-27,5.360000134,0.871,10.028560250714,3.6,1.3232546786925725
2019-09-30,5.349999905,0.871,10.009849822255,3.6,-0.18657143190287995
2019-10-01,5.360000134,0.889,10.125040253126,1.8,0.18692017154344384
2019-10-02,5.059999943,0.889,9.558339892327,1.8,-5.597018348880505
2019-10-03,5.340000153,0.889,10.087260289017,1.8,5.533601050477321
2019-10-04,5.1199998859999996,0.889,9.671679784654,1.8,-4.119855069225136
2019-10-07,5.389999866,0.889,10.181709746874,1.8,5.273437226791387
2019-10-08,5.320000172,0.889,10.049480324908,1.8,-1.298695653808015
2019-10-09,5.090000153,0.889,9.615010289017,1.8,-4.323308488043414
2019-10-10,5.300000191,0.889,10.011700360799,1.8,4.125737361249929
2019-10-11,5.139999866,0.889,9.709459746874,1.8,-3.0188739478103823
2019-10-14,5.010000229,0.889,9.463890432581,1.8,-2.5291758830563373
2019-10-15,5.059999943,0.889,9.558339892327,1.8,0.9979982378160513
2019-10-16,5.320000172,0.889,10.049480324908,1.8,5.138344504522855
2019-10-17,5.320000172,0.889,10.049480324908,1.8,0
2019-10-18,5.360000134,0.889,10.125040253126,1.8,0.751878960653529
2019-10-21,5.389999866,0.889,10.181709746874,1.8,0.5596964785449067
2019-10-22,5.300000191,0.889,10.011700360799,1.8,-1.669752824442844
2019-10-23,5.570000172,0.889,10.521730324908,1.8,5.09433908056251
2019-10-24,5.300000191,0.889,10.011700360799,1.8,-4.847396277602856
2019-10-25,5.329999924,0.889,10.068369856436,1.8,0.5660326777146782
2019-10-28,5.139999866,0.889,9.709459746874,1.8,-3.5647290939811254
2019-10-29,5.2100000380000004,0.889,9.841690071782,1.8,1.3618710860876957
2019-10-30,5.28000021,0.889,9.97392039669,1.8,1.3435733491255573
2019-10-31,4.949999809,0.889,9.350549639201,1.8,-6.250007346117123
2019-11-01,5.1199998859999996,0.91,9.77919978226,1.8,3.4343451224161283
2019-11-04,5.139999866,0.91,9.81739974406,1.8,0.3906246180725127
2019-11-05,5.199999809,0.91,9.93199963519,1.8,1.1673140965797881
2019-11-06,5.059999943,0.91,9.66459989113,1.8,-2.6923052142750596
2019-11-07,5.2100000380000004,0.91,9.95110007258,1.8,2.964428788334479
2019-11-08,5.099999905,0.91,9.74099981855,1.8,-2.1113269135834245
2019-11-11,5.099999905,0.91,9.74099981855,1.8,0
2019-11-12,5.159999847,0.91,9.85559970777,1.8,1.1764694728950225
2019-11-13,5.150000095,0.91,9.83650018145,1.8,-0.19379364915705385
2019-11-14,5.079999924,0.91,9.70279985484,1.8,-1.3592265962861156
2019-11-15,5.110000134,0.91,9.76010025594,1.8,0.5905553237957069
2019-11-18,5.28000021,0.91,10.0848004011,1.8,3.3268115761658024
2019-11-19,5.190000057,0.91,9.91290010887,1.8,-1.704548284478195
2019-11-20,5.25,0.91,10.0275,1.8,1.1560682531992545
2019-11-21,5.170000076,0.91,9.87470014516,1.8,-1.5238080761904762
2019-11-22,5.110000134,0.91,9.76010025594,1.8,-1.1605404471564682
2019-11-25,5.420000076,0.91,10.35220014516,1.8,6.06653490940985
2019-11-26,5.389999866,0.91,10.29489974406,1.8,-0.5535094018327069
2019-11-27,5.570000172,0.91,10.63870032852,1.8,3.339523385435278
2019-11-29,5.599999905,0.91,10.69599981855,1.8,0.5385948307651053
2019-12-02,5.599999905,0.933,10.824799816365,1.8,0
2019-12-03,5.46999979,0.933,10.57350959407,1.8,-2.3214306643814067
2019-12-04,5.329999924,0.933,10.302889853092,1.8,-2.559412639392444
2019-12-05,5.420000076,0.933,10.476860146908,1.8,1.6885582229512992
2019-12-06,5.300000191,0.933,10.244900369202998,1.8,-2.2140199874048925
2019-12-09,5.340000153,0.933,10.322220295749,1.8,0.7547162369526874
2019-12-10,5.340000153,0.933,10.322220295749,1.8,0
2019-12-11,5.389999866,0.933,10.418869740978,1.8,0.936324186655881
2019-12-12,5.349999905,0.933,10.341549816365,1.8,-0.7421143227167635
2019-12-13,5.300000191,0.933,10.244900369202998,1.8,-0.9345741100531877
2019-12-16,5.449999809,0.933,10.534849630797,1.8,2.8301813697047984
2019-12-17,5.699999809,0.933,11.018099630797,1.8,4.587156124063636
2019-12-18,5.53000021,0.933,10.689490405929998,1.8,-2.9824492052013767
2019-12-19,5.489999771,0.933,10.612169557342998,1.8,-0.7233352166545387
2019-12-20,5.75,0.933,11.11475,1.8,4.735887793172735
2019-12-23,5.9600000380000004,0.933,11.520680073454,1.8,3.6521745739130513
2019-12-24,5.909999847,0.933,11.424029704250998,1.8,-0.838929373845761
2019-12-26,5.690000057,0.933,10.998770110181,1.8,-3.722500773188263
2019-12-27,5.679999828,0.933,10.979439667523998,1.8,-0.17575094727279514
2019-12-30,5.650000095,0.933,10.921450183635,1.8,-0.5281643293739811
2019-12-31,5.7100000380000004,0.933,11.037430073454,1.8,1.0619458759495866
2020-01-02,5.679999828,0.958,11.121439663224,-4.6,-0.5253977197959652
2020-01-03,5.559999943,0.958,10.886479888394,-4.6,-2.112674095665474
2020-01-06,5.6300001140000004,0.958,11.023540223212,-4.6,1.2589958942019404
2020-01-07,5.670000076,0.958,11.101860148808,-4.6,0.7104788843704019
2020-01-08,6.070000172,0.958,11.885060336776,-4.6,7.054675319902065
2020-01-09,6.420000076,0.958,12.570360148808,-4.6,5.766060858029242
2020-01-10,6.309999943,0.958,12.354979888394,-4.6,-1.713397689997158
2020-01-13,6.110000134,0.958,11.963380262372,-4.6,-3.1695691094557015
2020-01-14,5.949999809,0.958,11.650099626022,-4.6,-2.618663199525218
2020-01-15,5.730000019,0.958,11.219340037202,-4.6,-3.6974755808769495
2020-01-16,5.5,0.958,10.769,-4.6,-4.013961923862957
2020-01-17,5.71999979,0.958,11.19975958882,-4.6,3.9999961818181844
2020-01-21,5.860000134,0.958,11.473880262372,-4.6,2.4475585513963756
2020-01-22,5.820000172,0.958,11.395560336776,-4.6,-0.6825931925823324
2020-01-23,5.6199998859999996,0.958,11.003959776788,-4.6,-3.4364309293700956
2020-01-24,5.6199998859999996,0.958,11.003959776788,-4.6,0
2020-01-27,5.409999847,0.958,10.592779700426,-4.6,-3.7366555740175627
2020-01-28,5.550000191,0.958,10.866900373978,-4.6,2.58780680146662
2020-01-29,5.5,0.958,10.769,-4.6,-0.9009043113382416
2020-01-30,5.269999981,0.958,10.318659962798,-4.6,-4.181818527272731
2020-01-31,5.239999771,0.958,10.259919551618,-4.6,-0.5692639489214424
2020-02-03,5.730000019,0.981,11.351130037639,-4.6,9.351150179659049
2020-02-04,5.6199998859999996,0.981,11.133219774166,-4.6,-1.9197230826396732
2020-02-05,5.639999866,0.981,11.172839734546,-4.6,0.3558715374678672
2020-02-06,5.550000191,0.981,10.994550378371,-4.6,-1.595738956352672
2020-02-07,5.670000076,0.981,11.232270150556,-4.6,2.162160015680626
2020-02-10,5.519999981,0.981,10.935119962360998,-4.6,-2.645504285527636
2020-02-11,5.349999905,0.981,10.598349811805,-4.6,-3.0797115323395867
2020-02-12,5.489999771,0.981,10.875689546351,-4.6,2.6168199717005445
2020-02-13,5.480000019,0.981,10.855880037639,-4.6,-0.18214485277069958
2020-02-14,5.53000021,0.981,10.95493041601,-4.6,0.9124122413620678
2020-02-18,5.349999905,0.981,10.598349811805,-4.6,-3.2549782669899767
2020-02-19,5.199999809,0.981,10.301199621629,-4.6,-2.803740161935562
2020-02-20,4.900000095,0.981,9.706900188195,-4.6,-5.769225481138862
2020-02-21,4.260000229,0.981,8.439060453648999,-4.6,-13.061221501874279
2020-02-24,4.360000134,0.981,8.637160265454,-4.6,2.347415484141275
2020-02-25,4.139999866,0.981,8.201339734546,-4.6,-5.045877551342289
2020-02-26,4.1300001140000004,0.981,8.181530225834,-4.6,-0.24153991119959364
2020-02-27,3.25999999,0.981,6.458059980189999,-4.6,-21.065377723619125
2020-02-28,3.74000001,0.981,7.40894001981,-4.6,14.72392703903046
2020-03-02,3.839999914,0.996,7.664639828344,-4.6,2.67379421744974
2020-03-03,3.700000048,0.996,7.385200095808,-4.6,-3.6458299254013915
2020-03-04,3.829999924,0.996,7.644679848304,-4.6,3.5135101165814864
2020-03-05,3.670000076,0.996,7.325320151696,-4.6,-4.177541806133989
2020-03-06,3.799999952,0.996,7.584799904192,-4.6,3.54223088032437
2020-03-09,3.390000105,0.996,6.76644020958,-4.6,-10.789469794182775
2020-03-10,3.3099999429999998,0.996,6.606759886228,-4.6,-2.359886711566935
2020-03-11,3.1900000570000002,0.996,6.3672401137720005,-4.6,-3.6253742618266735
2020-03-12,3.00999999,0.996,6.00795998004,-4.6,-5.6426352283291
2020-03-13,2.700000048,0.996,5.389200095808,-4.6,-10.299001429564779
2020-03-16,2.450000048,0.996,4.890200095808,-4.6,-9.25925909465021
2020-03-17,2.5,0.996,4.99,-4.6,2.040814327363631
2020-03-18,2.319999933,0.996,4.6307198662680005,-4.6,-7.200002679999998
2020-03-19,2.579999924,0.996,5.149679848304,-4.6,11.206896487440542
2020-03-20,2.5999999049999998,0.996,5.18959981038,-4.6,0.7751930848506404
2020-03-23,2.539999962,0.996,5.069839924152,-4.6,-2.3076901997040564
2020-03-24,2.5999999049999998,0.996,5.18959981038,-4.6,2.3622025156549897
2020-03-25,2.549999952,0.996,5.089799904192,-4.6,-1.9230751856508217
2020-03-26,2.720000029,0.996,5.429120057884,-4.6,6.66666981176477
2020-03-27,2.630000114,0.996,5.249480227544,-4.6,-3.3088203691338984
2020-03-30,2.680000067,0.996,5.349280133732,-4.6,1.901138814931623
2020-03-31,2.789999962,0.996,5.568839924152,-4.6,4.104473591418014
2020-04-01,2.6900000570000002,0.999,5.377310113943,-29.9,-3.58422603448049
