Fecha,Precio Cierre,Volumen,Inflacion Acumulada,Precio Ajustado,PIB US,Retorno
2015-01-02,89.87000275,30300,-0.001,89.78013274725,3.3,0
2015-01-05,89.19999695,13600,-0.001,89.11079695305,3.3,-0.7455277395103879
2015-01-06,88.58999634,11800,-0.001,88.50140634366,3.3,-0.6838572094816648
2015-01-07,89.12999725,13000,-0.001,89.04086725275,3.3,0.6095506629524299
2015-01-08,90.18000031,12400,-0.001,90.08982030969,3.3,1.1780579966303033
2015-01-09,90.22000122,17700,-0.001,90.12978121878,3.3,0.04435674191893711
2015-01-12,90.23000336,9900,-0.001,90.13977335664,3.3,0.011086388677392483
2015-01-13,91.30000305,12800,-0.001,91.20870304695,3.3,1.1858579742382525
2015-01-14,91.59999847,10200,-0.001,91.50839847153,3.3,0.3285820481689479
2015-01-15,93.86000061,23400,-0.001,93.76614060939,3.3,2.46725128575212
2015-01-16,95.98999786,32900,-0.001,95.89400786214,3.3,2.2693343662444736
2015-01-20,98.47000122,19100,-0.001,98.37153121878,3.3,2.5836060165529395
2015-01-21,99.40000153,17700,-0.001,99.30060152847,3.3,0.9444503894360742
2015-01-22,102.8499985,12300,-0.001,102.7471485015,3.3,3.4708218479843325
2015-01-23,104.0100021,42300,-0.001,103.9059920979,3.3,1.1278596178102969
2015-01-26,105.0699997,19700,-0.001,104.9649297003,3.3,1.0191304476475946
2015-01-27,103.9300003,28200,-0.001,103.8260702997,3.3,-1.0849903904587084
2015-01-28,101.0299988,23900,-0.001,100.9289688012,3.3,-2.790341086913286
2015-01-29,98.69000244,33800,-0.001,98.59131243756,3.3,-2.316140144307317
2015-01-30,97.54000092,28500,-0.001,97.44246091908,3.3,-1.1652664824880954
2015-02-02,97.27999878,28900,-0.001,97.18271878122,3.3,-0.26655950127911626
2015-02-03,98.54000092,26100,-0.001,98.44146091908,3.3,1.2952324792370824
2015-02-04,101.5800018,31700,-0.001,101.4784217982,3.3,3.085042471704503
2015-02-05,101.9199982,12000,-0.001,101.8180782018,3.3,0.3347080074574184
2015-02-06,100.5,24400,-0.001,100.3995,3.3,-1.393247866050291
2015-02-09,99.68000031,18500,-0.001,99.58032030969,3.3,-0.8159200895522418
2015-02-10,100.1500015,18200,-0.001,100.0498514985,3.3,0.4715100206042575
2015-02-11,99.51999664,9800,-0.001,99.42047664336,3.3,-0.6290612586760667
2015-02-12,100.2900009,6300,-0.001,100.1897108991,3.3,0.7737181330354929
2015-02-13,100.7699966,15900,-0.001,100.6692266034,3.3,0.47860773326606226
2015-02-17,100.3199997,19300,-0.001,100.2196797003,3.3,-0.4465584153845274
2015-02-18,102.9400024,18800,-0.001,102.8370623976,3.3,2.6116454424191957
2015-02-19,101.7900009,15800,-0.001,101.6882108991,3.3,-1.117157055749206
2015-02-20,102.2399979,20300,-0.001,102.1377579021,3.3,0.4420836978300984
2015-02-23,102.7600021,18100,-0.001,102.6572420979,3.3,0.5086113171760817
2015-02-24,103.3799973,13400,-0.001,103.2766173027,3.3,0.6033429226642701
2015-02-25,103.5899963,6300,-0.001,103.4864063037,3.3,0.20313310648538419
2015-02-26,103.8000031,12900,-0.001,103.6962030969,3.3,0.20272884207063355
2015-02-27,104.3899994,13200,-0.001,104.2856094006,3.3,0.5683971891904459
2015-03-02,105.6500015,9000,-0.002,105.438701497,3.3,1.2070141845407545
2015-03-03,106.3700027,20300,-0.002,106.15726269460001,3.3,0.6814966301727868
2015-03-04,104.2399979,23200,-0.002,104.0315179042,3.3,-2.0024487599265566
2015-03-05,101.4100037,46800,-0.002,101.2071836926,3.3,-2.714883208952944
2015-03-06,102.0100021,23800,-0.002,101.8059820958,3.3,0.5916560281123329
2015-03-09,105.6800003,33000,-0.002,105.4686402994,3.3,3.597684662727803
2015-03-10,104.8399963,21800,-0.002,104.6303163074,3.3,-0.7948561673121111
2015-03-11,103.6399994,19500,-0.002,103.4327194012,3.3,-1.1445983807231421
2015-03-12,106.4800034,23700,-0.002,106.2670433932,3.3,2.7402586032820913
2015-03-13,106.6500015,21900,-0.002,106.436701497,3.3,0.15965260572108586
2015-03-16,107.9000015,16900,-0.002,107.684201497,3.3,1.1720581175988076
2015-03-17,106.1699982,10000,-0.002,105.9576582036,3.3,-1.6033394587116914
2015-03-18,107,14100,-0.002,106.786,3.3,0.7817668023658355
2015-03-19,106.7699966,12300,-0.002,106.5564566068,3.3,-0.21495644859813187
2015-03-20,107.5899963,17800,-0.002,107.3748163074,3.3,0.7680057376718104
2015-03-23,107.3899994,16100,-0.002,107.1752194012,3.3,-0.18588800713621936
2015-03-24,108.8799973,24100,-0.002,108.6622373054,3.3,1.3874642967918724
2015-03-25,106.8799973,16400,-0.002,106.6662373054,3.3,-1.8368846891953405
2015-03-26,106.9700012,17400,-0.002,106.7560611976,3.3,0.08421023790575942
2015-03-27,111.5699997,27000,-0.002,111.3468597006,3.3,4.300269653544698
2015-03-30,113.5699997,20200,-0.002,113.3428597006,3.3,1.7925965809606432
2015-03-31,113.0599976,10200,-0.002,112.8338776048,3.3,-0.44906410262145496
2015-04-01,114,14900,-0.004,113.544,2.3,0.8314190871696934
2015-04-02,114.5199966,18000,-0.004,114.0619166136,2.3,0.4561373684210517
2015-04-06,115.4300003,36600,-0.004,114.9682802988,2.3,0.7946242813632814
2015-04-07,115.7099991,13000,-0.004,115.2471591036,2.3,0.2425702150847186
2015-04-08,116,13800,-0.004,115.536,2.3,0.2506273461720176
2015-04-09,114.5100021,18100,-0.004,114.0519620916,2.3,-1.2844809482758672
2015-04-10,115.8600006,19500,-0.004,115.3965605976,2.3,1.1789350058880248
2015-04-13,115.0699997,16100,-0.004,114.6097197012,2.3,-0.6818581873889699
2015-04-14,115.3000031,8100,-0.004,114.8388030876,2.3,0.1998812901708916
2015-04-15,115.1100006,9300,-0.004,114.6495605976,2.3,-0.16478967466739938
2015-04-16,115.0500031,8200,-0.004,114.5898030876,2.3,-0.05212188314419015
2015-04-17,111.3199997,15700,-0.004,110.8747197012,2.3,-3.2420715336773434
2015-04-20,113.6999969,7400,-0.004,113.2451969124,2.3,2.137978086969044
2015-04-21,114.7300034,10400,-0.004,114.2710833864,2.3,0.9058984415856206
2015-04-22,114.1900024,10500,-0.004,113.7332423904,2.3,-0.4706711269913583
2015-04-23,113.0400009,17200,-0.004,112.5878408964,2.3,-1.0070947331900588
2015-04-24,113.3600006,8300,-0.004,112.9065605976,2.3,0.2830853657574688
2015-04-27,114.0100021,9700,-0.004,113.5539620916,2.3,0.5733958155959886
2015-04-28,113.9499969,8300,-0.004,113.4941969124,2.3,-0.052631522581115704
2015-04-29,111.4599991,12400,-0.004,111.0141591036,2.3,-2.1851670625188033
2015-04-30,113,28500,-0.004,112.548,2.3,1.3816624012515315
2015-05-01,111.5100021,12000,-0.004,111.0639620916,2.3,-1.3185822123893858
2015-05-04,112.3199997,13300,-0.004,111.8707197012,2.3,0.7263900858629817
2015-05-05,112.25,22100,-0.004,111.801,2.3,-0.06232167039437481
2015-05-06,113.2600021,18700,-0.004,112.8069620916,2.3,0.8997791536748277
2015-05-07,113,13700,-0.004,112.548,2.3,-0.22956215361044402
2015-05-08,113.1999969,10900,-0.004,112.7471969124,2.3,0.1769884070796479
2015-05-11,113.1600037,22600,-0.004,112.7073636852,2.3,-0.03532968294630566
2015-05-12,111.2600021,25900,-0.004,110.8149620916,2.3,-1.6790398885432434
2015-05-13,111.7699966,20200,-0.004,111.3229166136,2.3,0.45838081104980033
2015-05-14,112.4700012,15300,-0.004,112.0201211952,2.3,0.6262902579349275
2015-05-15,112.5199966,11100,-0.004,112.0699166136,2.3,0.04445220900379989
2015-05-18,113.0800018,22300,-0.004,112.6276817928,2.3,0.4976939361194454
2015-05-19,113.8700027,14200,-0.004,113.4145226892,2.3,0.6986212304782572
2015-05-20,115.4300003,22000,-0.004,114.9682802988,2.3,1.3699811741551866
2015-05-21,114.4000015,16400,-0.004,113.942401494,2.3,-0.8923146472520639
2015-05-22,113,13600,-0.004,112.548,2.3,-1.2237775189190028
2015-05-26,113,21600,-0.004,112.548,2.3,0
2015-05-27,113.5500031,14100,-0.004,113.0958030876,2.3,0.4867284070796441
2015-05-28,112.5299988,9600,-0.004,112.0798788048,2.3,-0.8982864572022161
2015-05-29,113.5699997,16500,-0.004,113.1157197012,2.3,0.9241988012888839
2015-06-01,122.5,95500,-0.003,122.1325,2.3,7.862992272245293
2015-06-02,123.2799988,128500,-0.003,122.9101588036,2.3,0.6367337142857153
2015-06-03,124.0199966,39800,-0.003,123.6479366102,2.3,0.6002577929940713
2015-06-04,124.3099976,42100,-0.003,123.9370676072,2.3,0.23383406543328653
2015-06-05,123.8499985,33600,-0.003,123.4784485045,2.3,-0.3700419184949003
2015-06-08,123.0199966,21200,-0.003,122.6509366102,2.3,-0.6701670650403756
2015-06-09,121.7099991,21900,-0.003,121.3448691027,2.3,-1.0648654984599426
2015-06-10,122.4100037,19100,-0.003,122.0427736889,2.3,0.5751414059455036
2015-06-11,123.8899994,14900,-0.003,123.5183294018,2.3,1.2090479987461917
2015-06-12,123,15800,-0.003,122.631,2.3,-0.718378726539887
2015-06-15,122.9800034,21800,-0.003,122.6110633898,2.3,-0.01625739837398286
2015-06-16,124.7399979,28400,-0.003,124.3657779063,2.3,1.4311225006845338
2015-06-17,130.4400024,35600,-0.003,130.0486823928,2.3,4.569508253935918
2015-06-18,133.1300049,27600,-0.003,132.7306148853,2.3,2.0622527219456654
2015-06-19,137.2100067,48500,-0.003,136.7983766799,2.3,3.0646748665446943
2015-06-22,144.4900055,68900,-0.003,144.0565354835,2.3,5.305734599894882
2015-06-23,144.25,46900,-0.003,143.81725,2.3,-0.1661052604776842
2015-06-24,143.3200073,32100,-0.003,142.89004727809998,2.3,-0.6447089774696804
2015-06-25,145.5299988,31500,-0.003,145.0934088036,2.3,1.5419978980143418
2015-06-26,148.9799957,55000,-0.003,148.5330557129,2.3,2.370643117190765
2015-06-29,149.6300049,49500,-0.003,149.1811148853,2.3,0.4363063624386986
2015-06-30,151.0700073,36000,-0.003,150.6167972781,2.3,0.9623754279513477
2015-07-01,155.4100037,42700,-0.001,155.2545936963,1.3,2.8728378832877826
2015-07-02,153.3300018,44100,-0.001,153.1766717982,1.3,-1.3383964033713058
2015-07-06,154.7400055,36600,-0.001,154.5852654945,1.3,0.9195876106746412
2015-07-07,152.9400024,36300,-0.001,152.7870623976,1.3,-1.1632435285133798
2015-07-08,153.4700012,28000,-0.001,153.31653119880002,1.3,0.3465403371799709
2015-07-09,154.0800018,24400,-0.001,153.9259217982,1.3,0.3974722064444592
2015-07-10,164.3500061,53000,-0.001,164.1856560939,1.3,6.665371352559273
2015-07-13,168.4299927,63300,-0.001,168.26156270730002,1.3,2.4824985996760556
2015-07-14,170.9199982,47100,-0.001,170.74907820180002,1.3,1.4783622917060157
2015-07-15,172.0599976,61200,-0.001,171.8879376024,1.3,0.6669783594696957
2015-07-16,154.3500061,136500,-0.001,154.1956560939,1.3,-10.292916277478781
2015-07-17,162.1999969,100900,-0.001,162.0377969031,1.3,5.08583769987943
2015-07-20,155,112300,-0.001,154.845,1.3,-4.438962415294597
2015-07-21,152.6199951,105200,-0.001,152.4673751049,1.3,-1.5354870322580574
2015-07-22,152.7899933,33900,-0.001,152.6372033067,1.3,0.11138658462712836
2015-07-23,147.9400024,59600,-0.001,147.7920623976,1.3,-3.1742856945331086
2015-07-24,151.6199951,42300,-0.001,151.46837510490002,1.3,2.4874899555902763
2015-07-27,157.5099945,58300,-0.001,157.3524845055,1.3,3.8847115092671523
2015-07-28,156.9100037,51400,-0.001,156.7530936963,1.3,-0.380922367437452
2015-07-29,155,51300,-0.001,154.845,1.3,-1.2172606302729978
2015-07-30,159.4799957,32600,-0.001,159.3205157043,1.3,2.8903198064516062
2015-07-31,162,48800,-0.001,161.838,1.3,1.5801381790481268
2015-08-03,160.2400055,41500,0.001,160.40024550549998,1.3,-1.0864163580246944
2015-08-04,165,85100,0.001,165.165,1.3,2.970540649413548
2015-08-05,165.7700043,57000,0.001,165.9357743043,1.3,0.46666927272727926
2015-08-06,162.1100006,44500,0.001,162.2721106006,1.3,-2.2078805604519154
2015-08-07,163.2799988,25700,0.001,163.44327879879998,1.3,0.7217310441487844
2015-08-10,162.5200043,46100,0.001,162.6825243043,1.3,-0.465454743744141
2015-08-11,162.2599945,32700,0.001,162.42225449449998,1.3,-0.15998633590979172
2015-08-12,160.8600006,31100,0.001,161.0208606006,1.3,-0.8628090394764547
2015-08-13,160.5700073,33400,0.001,160.73057730729997,1.3,-0.18027682389553612
2015-08-14,162.8500061,35200,0.001,163.01285610609995,1.3,1.4199406466614863
2015-08-17,166.3200073,18900,0.001,166.48632730729997,1.3,2.1307958673757668
2015-08-18,164.6999969,43800,0.001,164.86469689689997,1.3,-0.9740321842806846
2015-08-19,161.25,34600,0.001,161.41125,1.3,-2.094715825705035
2015-08-20,158.6199951,43100,0.001,158.77861509509998,1.3,-1.6310107906976674
2015-08-21,154.1499939,42800,0.001,154.30414389389998,1.3,-2.818056574255948
2015-08-24,155.5500031,118700,0.001,155.7055531031,1.3,0.9082122967245861
2015-08-25,160.5500031,44300,0.001,160.71055310309998,1.3,3.2144004502433856
2015-08-26,161.8000031,41100,0.001,161.96180310309998,1.3,0.7785736380343925
2015-08-27,155.8300018,44100,0.001,155.98583180179995,1.3,-3.6897411530395745
2015-08-28,157.5599976,59600,0.001,157.71755759759998,1.3,1.110181466993997
2015-08-31,154.2299957,46400,0.001,154.38422569569997,1.3,-2.113481816910115
2015-09-01,154.1399994,75000,0.001,154.29413939939997,1.3,-0.05835200837005256
2015-09-02,159.3099976,26700,0.001,159.4693075976,1.3,3.354092526355627
2015-09-03,163.1999969,43500,0.001,163.36319689689998,1.3,2.4417797744038126
2015-09-04,157.3500061,32800,0.001,157.5073561061,1.3,-3.5845532543634504
2015-09-08,165.2700043,45500,0.001,165.43527430429998,1.3,5.033363770552793
2015-09-09,160.7899933,39800,0.001,160.95078329329996,1.3,-2.710722383638262
2015-09-10,162,29800,0.001,162.16199999999998,1.3,0.7525385598731835
2015-09-11,163.0500031,32600,0.001,163.21305310309998,1.3,0.6481500617283937
2015-09-14,164.3099976,39200,0.001,164.4743075976,1.3,0.77276570134576394
2015-09-15,164.6000061,39900,0.001,164.7646061061,1.3,0.176500824195739
2015-09-16,165,28200,0.001,165.165,1.3,0.2430096507754615
2015-09-17,171.1799927,43200,0.001,171.3511726927,1.3,3.745450121212129
2015-09-18,166.3500061,127800,0.001,166.51635610609998,1.3,-2.821583599705348
2015-09-21,169.2700043,33800,0.001,169.4392743043,1.3,1.7553339903364207
2015-09-22,170.4299927,50600,0.001,170.6004226927,1.3,0.6852888110903197
2015-09-23,173.2299957,31400,0.001,173.40322569569997,1.3,1.6429050753576517
2015-09-24,185.3099976,77800,0.001,185.4953075976,1.3,6.97338925120115
2015-09-25,189.1300049,95100,0.001,189.31913490489995,1.3,2.0614145752921784
2015-09-28,192.3899994,64900,0.001,192.58238939939997,1.3,1.723679170697259
2015-09-29,193.6999969,47100,0.001,193.89369689689997,1.3,0.6809072738112439
2015-09-30,193.3800049,131600,0.001,193.57338490489997,1.3,-0.16519979613898145
2015-10-01,191,43900,0.003,191.573,0.6,-1.2307399108975765
2015-10-02,195.1499939,36300,0.003,195.7354438817,0.6,2.1727716753926694
2015-10-05,198.8300018,46800,0.003,199.42649180539996,0.6,1.885733033579148
2015-10-06,206.6900024,66100,0.003,207.3100724072,0.6,3.9531260518250457
2015-10-07,217.4600067,128800,0.003,218.1123867201,0.6,5.2107040374198625
2015-10-08,210.8699951,81300,0.003,211.5026050853,0.6,-3.0304476211533182
2015-10-09,214.3099976,40600,0.003,214.95292759279997,0.6,1.6313380660765195
2015-10-12,215.8200073,36000,0.003,216.46746732189996,0.6,0.7045913475386943
2015-10-13,214.8200073,40700,0.003,215.46446732189997,0.6,-0.46334907152975524
2015-10-14,211.6300049,34500,0.003,212.26489491469997,0.6,-1.4849652227900272
2015-10-15,212.5700073,24700,0.003,213.20771732189996,0.6,0.44417255504207453
2015-10-16,212,44300,0.003,212.63599999999997,0.6,-0.26815038830738475
2015-10-19,212.5500031,52100,0.003,213.1876531093,0.6,0.2594354245283009
2015-10-20,214.3899994,30300,0.003,215.03316939819996,0.6,0.8656769104511933
2015-10-21,211.1999969,27900,0.003,211.83359689069997,0.6,-1.487943704896522
2015-10-22,212.6300049,38200,0.003,213.2678949147,0.6,0.6770871311504203
2015-10-23,212.5599976,35600,0.003,213.1976775928,0.6,-0.032924468977419526
2015-10-26,208.5500031,64000,0.003,209.1756531093,0.6,-1.8865235911161886
2015-10-27,208.0399933,60900,0.003,208.66411327989996,0.6,-0.24455036797839586
2015-10-28,214.7299957,68800,0.003,215.37418568709995,0.6,3.215729001852452
2015-10-29,213.0700073,34900,0.003,213.70921732189996,0.6,-0.7730584609702962
2015-10-30,211.2100067,57700,0.003,211.8436367201,0.6,-0.8729528024942148
2015-11-02,209.9700012,38700,0.008,211.6497612096,0.6,-0.5870959995571058
2015-11-03,207.4199982,59500,0.008,209.0793581856,0.6,-1.2144606302931258
2015-11-04,176.3600006,149200,0.008,177.7708806048,0.6,-14.974446952820387
2015-11-05,185.6000061,86700,0.008,187.0848061488,0.6,5.2392863849876825
2015-11-06,188.9499969,37900,0.008,190.4615968752,0.6,1.8049518803329396
2015-11-09,182.7599945,43100,0.008,184.222074456,0.6,-3.2760002654437708
2015-11-10,180.3200073,46300,0.008,181.7625673584,0.6,-1.3350772999722422
2015-11-11,184.3600006,52900,0.008,185.8348806048,0.6,2.2404575956336603
2015-11-12,176.6100006,44500,0.008,178.0228806048,0.6,-4.203731815349104
2015-11-13,176.7799988,26900,0.008,178.1942387904,0.6,0.09625627055231473
2015-11-16,175.4600067,26400,0.008,176.8636867536,0.6,-0.74668633836419
2015-11-17,173.1499939,37100,0.008,174.5351938512,0.6,-1.3165466270325918
2015-11-18,172.3800049,33800,0.008,173.75904493919998,0.6,-0.44469478898434406
2015-11-19,172.9700012,57300,0.008,174.3537612096,0.6,0.34226492819877175
2015-11-20,188.6300049,78600,0.008,190.1390449392,0.6,9.05359518492041
2015-11-23,192.8899994,47200,0.008,194.4331193952,0.6,2.2583864652171277
2015-11-24,188.1199951,40100,0.008,189.6249550608,0.6,-2.472914259338207
2015-11-25,193.1499939,42000,0.008,194.6951938512,0.6,2.673824649700933
2015-11-27,198.6900024,15700,0.008,200.2795224192,0.6,2.8682416127169232
2015-11-30,193.6699982,40700,0.008,195.2193581856,0.6,-2.5265509785911546
2015-12-01,193.6499939,99000,0.015,196.5547438085,0.6,-0.010329065000224048
2015-12-02,193.3999939,22400,0.015,196.3009938085,0.6,-0.12909889381617998
2015-12-03,192.0599976,35000,0.015,194.940897564,0.6,-0.6928626381926664
2015-12-04,193.1399994,22600,0.015,196.03709939099997,0.6,0.5623252178984672
2015-12-07,195.4900055,34400,0.015,198.4223555825,0.6,1.2167371374652711
2015-12-08,195.1100006,30900,0.015,198.036650609,0.6,-0.19438584546972595
2015-12-09,192.9400024,25800,0.015,195.83410243599997,0.6,-1.1121921958520096
2015-12-10,189.9700012,24400,0.015,192.819551218,0.6,-1.5393392573109994
2015-12-11,183.7700043,33000,0.015,186.5265543645,0.6,-3.2636715591071974
2015-12-14,191.6699982,43100,0.015,194.545048173,0.6,4.298848405697076
2015-12-15,194.2200012,24800,0.015,197.133301218,0.6,1.3304132226991399
2015-12-16,194.7799988,32500,0.015,197.70169878199997,0.6,0.28833158095973394
2015-12-17,189.0200043,28500,0.015,191.8553043645,0.6,-2.957179656785159
2015-12-18,182.8399963,128700,0.015,185.58259624449997,0.6,-3.26949944948235
2015-12-21,182.6000061,36300,0.015,185.3390061915,0.6,-0.13125694861983217
2015-12-22,183.9799957,14800,0.015,186.73969563549997,0.6,0.7557445530665772
2015-12-23,183.9199982,27000,0.015,186.678798173,0.6,-0.032610882379741336
2015-12-24,178.6600037,42500,0.015,181.3399037555,0.6,-2.8599361415174287
2015-12-28,182.6100006,35800,0.015,185.349150609,0.6,2.210901610991068
2015-12-29,181.9799957,38700,0.015,184.70969563549997,0.6,-0.3450002179124998
2015-12-30,183.3999939,37700,0.015,186.1509938085,0.6,0.7803045573981234
2015-12-31,182.5099945,78000,0.015,185.2476444175,0.6,-0.48527776968480785
2016-01-04,175.0500031,73400,0.02899999999999999,180.1264531899,2.4,-4.087442674269549
2016-01-05,176.7400055,32600,0.02899999999999999,181.8654656595,2.4,0.9654398000978941
2016-01-06,179.9499969,42200,0.02899999999999999,185.1685468101,2.4,1.8162223040102863
2016-01-07,177.4299927,37300,0.02899999999999999,182.5754624883,2.4,-1.4003913550498028
2016-01-08,177.8999939,48300,0.02899999999999999,183.0590937231,2.4,0.26489388453882545
2016-01-11,172.5700073,58000,0.02899999999999999,177.57453751169996,2.4,-2.996057775581527
2016-01-12,174.4600067,42300,0.02899999999999999,179.5193468943,2.4,1.0952073477718525
2016-01-13,169.1100006,42800,0.02899999999999999,174.0141906174,2.4,-3.0666089043546974
2016-01-14,169.4900055,61300,0.02899999999999999,174.4052156595,2.4,0.2247087095096307
2016-01-15,166,69700,0.02899999999999999,170.814,2.4,-2.0591217102768904
2016-01-19,171.1799927,62700,0.02899999999999999,176.1442124883,2.4,3.1204775301204903
2016-01-20,172.5200043,56600,0.02899999999999999,177.5230844247,2.4,0.7828085390495503
2016-01-21,170.6000061,39400,0.02899999999999999,175.54740627689998,2.4,-1.1129133736058046
2016-01-22,167.8800049,50400,0.02899999999999999,172.74852504209997,2.4,-1.594373448266842
2016-01-25,170.5899963,27000,0.02899999999999999,175.53710619269998,2.4,1.6142431027532136
2016-01-26,170.3600006,25800,0.02899999999999999,175.3004406174,2.4,-0.13482367371385498
2016-01-27,170.6999969,57900,0.02899999999999999,175.65029681009997,2.4,0.199575193004546
2016-01-28,177.3800049,47800,0.02899999999999999,182.52402504209996,2.4,3.91330294160069
2016-01-29,175.8999939,43800,0.02899999999999999,181.0010937231,2.4,-0.8343730742562351
2016-02-01,173.6100006,29200,0.039,180.3807906234,2.4,-1.301872302111542
2016-02-02,162.6100006,52600,0.039,168.9517906234,2.4,-6.3360405287620285
2016-02-03,163.1699982,39800,0.039,169.5336281298,2.4,0.3443807871186999
2016-02-04,160.25,35200,0.039,166.49974999999998,2.4,-1.7895435632847907
2016-02-05,155.5,69200,0.039,161.56449999999998,2.4,-2.9641185647425896
2016-02-08,156.25,62400,0.039,162.34375,2.4,0.482315112540193
2016-02-09,163.9299927,45100,0.039,170.3232624153,2.4,4.915195328000009
2016-02-10,160.0099945,19200,0.039,166.2503842855,2.4,-2.3912635725994327
2016-02-11,160.2400055,27400,0.039,166.4893657145,2.4,0.14374789569784682
2016-02-12,163.2799988,34900,0.039,169.64791875319997,2.4,1.8971500222520847
2016-02-16,164.7899933,60900,0.039,171.2168030387,2.4,0.9247884070905596
2016-02-17,169.1499939,59900,0.039,175.7468436621,2.4,2.6457920852406556
2016-02-18,168.7200012,44400,0.039,175.3000812468,2.4,-0.2542079311301621
2016-02-19,177,46800,0.039,183.903,2.4,4.907538371923616
2016-02-22,167.9700012,130700,0.039,174.5208312468,2.4,-5.101694237288128
2016-02-23,171.1900024,127300,0.039,177.8664124936,2.4,1.9170096904184486
2016-02-24,173.2299957,52100,0.039,179.9859655323,2.4,1.1916544607747444
2016-02-25,176.6900024,70700,0.039,183.5809124936,2.4,1.9973484880713464
2016-02-26,173.6199951,57100,0.039,180.3911749089,2.4,-1.7375104750125843
2016-02-29,174.7200012,77100,0.039,181.5340812468,2.4,0.6335710926419682
2016-03-01,178.1999969,93100,0.048,186.7535967512,2.4,1.9917557669980082
2016-03-02,173.3000031,90900,0.048,181.6184032488,2.4,-2.749715984983838
2016-03-03,177.6100006,107700,0.048,186.1352806288,2.4,2.487015246914331
2016-03-04,176.8699951,45200,0.048,185.3597548648,2.4,-0.41664630229160377
2016-03-07,178.1699982,78400,0.048,186.7221581136,2.4,0.7350048826908108
2016-03-08,178.0899963,36000,0.048,186.6383161224,2.4,-0.04490200415796681
2016-03-09,178.1000061,30600,0.048,186.6488063928,2.4,0.005620641365584639
2016-03-10,178.1199951,27000,0.048,186.6697548648,2.4,0.01122346957629306
2016-03-11,175.8500061,31000,0.048,184.2908063928,2.4,-1.2744155976007039
2016-03-14,173.0299988,33900,0.048,181.3354387424,2.4,-1.6036435610905644
2016-03-15,169.1499939,41300,0.048,177.2691936072,2.4,-2.2423885608903955
2016-03-16,173.9799957,31700,0.048,182.3310354936,2.4,2.855454906404221
2016-03-17,173.4400024,27900,0.048,181.7651225152,2.4,-0.31037666015989673
2016-03-18,171.1499939,72600,0.048,179.3651936072,2.4,-1.3203462109730686
2016-03-21,166.8000031,62400,0.048,174.8064032488,2.4,-2.5416248641771064
2016-03-22,164.4900055,41800,0.048,172.385525764,2.4,-1.3848906217436412
2016-03-23,162.2700043,50900,0.048,170.05896450640003,2.4,-1.3496268014897626
2016-03-24,159.25,27300,0.048,166.894,2.4,-1.861098305276874
2016-03-28,156.3699951,33600,0.048,163.87575486480003,2.4,-1.8084803139717356
2016-03-29,164.6199951,99600,0.048,172.52175486480002,2.4,5.275948237207561
2016-03-30,163.7400055,69100,0.048,171.599525764,2.4,-0.534558149795508
2016-03-31,159.7599945,29700,0.048,167.428474236,2.4,-2.4306894261097303
2016-04-01,162.6900024,118100,0.059,172.28871254159998,1.2,1.8340060095582893
2016-04-04,163.6999969,64400,0.059,173.3582967171,1.2,0.6208091985374541
2016-04-05,161,26200,0.059,170.499,1.2,-1.649356720299365
2016-04-06,163.1399994,84300,0.059,172.76525936459998,1.2,1.3291921739130395
2016-04-07,163.4600067,59900,0.059,173.1041470953,1.2,0.19615502094945733
2016-04-08,165.9100037,76000,0.059,175.6986939183,1.2,1.4988357393723244
2016-04-11,162.9700012,68700,0.059,172.5852312708,1.2,-1.7720465520066717
2016-04-12,163.6399994,52600,0.059,173.2947593646,1.2,0.4111175032623001
2016-04-13,163.6999969,70900,0.059,173.3582967171,1.2,0.03666432426056865
2016-04-14,163.1699982,81700,0.059,172.7970280938,1.2,-0.32376219305841236
2016-04-15,161.5800018,37300,0.059,171.11322190619998,1.2,-0.9744416360482733
2016-04-18,162.4499969,72400,0.059,172.0345467171,1.2,0.5384299358263847
2016-04-19,166.6199951,77700,0.059,176.4505748109,1.2,2.5669426159281192
2016-04-20,164.4199982,96200,0.059,174.1207780938,1.2,-1.320367881825728
2016-04-21,159.5,201600,0.059,168.91049999999998,1.2,-2.9923356366999454
2016-04-22,160.9199982,101400,0.059,170.4142780938,1.2,0.8902810031348021
2016-04-25,162.3000031,51100,0.059,171.8757032829,1.2,0.8575720329581689
2016-04-26,160.9400024,105800,0.059,170.43546254159995,1.2,-0.8379548207168214
2016-04-27,160.4199982,84200,0.059,169.8847780938,1.2,-0.32310438190970736
2016-04-28,158.25,93800,0.059,167.58675,1.2,-1.3526980578160916
2016-04-29,159.3699951,31800,0.059,168.7728248109,1.2,0.7077378199052204
2016-05-02,164.3600006,61500,0.069,175.7008406414,1.2,3.1310821694315245
2016-05-03,161.5500031,65300,0.069,172.6969533139,1.2,-1.7096601908871059
2016-05-04,164,53400,0.069,175.316,1.2,1.5165563930589627
2016-05-05,165.5700073,33500,0.069,176.99433780369998,1.2,0.9573215243902354
2016-05-06,165.7200012,26700,0.069,177.1546812828,1.2,0.09059243424942869
2016-05-09,165.6999969,59000,0.069,177.13329668609998,1.2,-0.012071144011077126
2016-05-10,166.9900055,32700,0.069,178.5123158795,1.2,0.7785205939252453
2016-05-11,146.1799927,317600,0.069,156.2664121963,1.2,-12.461831316006503
2016-05-12,149.2700043,119600,0.069,159.5696345967,1.2,2.1138403025792436
2016-05-13,148.7299957,48000,0.069,158.99236540329997,1.2,-0.3617663190487504
2016-05-16,138.7200012,416300,0.069,148.2916812828,1.2,-6.730313177841353
2016-05-17,133.2599945,359300,0.069,142.45493412049998,1.2,-3.9359909549943164
2016-05-18,134.0899963,269800,0.069,143.3422060447,1.2,0.6228439398592283
2016-05-19,126.5999985,306300,0.069,135.33539839649998,1.2,-5.585799095140998
2016-05-20,128.6999969,201900,0.069,137.58029668609998,1.2,1.6587665283424184
2016-05-23,128.5500031,241800,0.069,137.41995331389998,1.2,-0.11654530195253196
2016-05-24,128.0500031,207700,0.069,136.8854533139,1.2,-0.3889537051283043
2016-05-25,125.8199997,76900,0.069,134.5015796793,1.2,-1.7415098367928121
2016-05-26,123.1900024,84000,0.069,131.6901125656,1.2,-2.0902855716665525
2016-05-27,126.9599991,137700,0.069,135.7202390379,1.2,3.060310598711383
2016-05-31,123.5,163100,0.069,132.0215,1.2,-2.725267111316484
2016-06-01,124.9199982,269700,0.079,134.78867805779998,1.2,1.1497961133603196
2016-06-02,124.5599976,84500,0.079,134.4002374104,1.2,-0.28818492250025685
2016-06-03,124.2699966,59700,0.079,134.0873263314,1.2,-0.23282033203893038
2016-06-06,125.9599991,118300,0.079,135.9108390289,1.2,1.359944110596367
2016-06-07,123.8300018,134800,0.079,133.6125719422,1.2,-1.6910108885512045
2016-06-08,124.2799988,100300,0.079,134.0981187052,1.2,0.3633990094959331
2016-06-09,121.7799988,95300,0.079,131.4006187052,1.2,-2.0115867590433227
2016-06-10,121.9100037,70600,0.079,131.5408939923,1.2,0.10675390152820644
2016-06-13,124.25,122400,0.079,134.06575,1.2,1.919445680403991
2016-06-14,127.2799988,142800,0.079,137.3351187052,1.2,2.438630824949699
2016-06-15,132.3500061,180900,0.079,142.8056565819,1.2,3.983349581866904
2016-06-16,140.5299988,238700,0.079,151.6318687052,1.2,6.180575990166112
2016-06-17,140.5299988,200800,0.079,151.6318687052,1.2,0
2016-06-20,142.4100037,105000,0.079,153.6603939923,1.2,1.3377961403640297
2016-06-21,141.1000061,64800,0.079,152.2469065819,1.2,-0.9198775127902076
2016-06-22,140.25,67000,0.079,151.32975,1.2,-0.6024139356858622
2016-06-23,140.1199951,58500,0.079,151.1894747129,1.2,-0.09269511586451962
2016-06-24,140.5899963,129700,0.079,151.69660600769998,1.2,0.33542764518693907
2016-06-27,141.0899963,123700,0.079,152.2361060077,1.2,0.35564408077305004
2016-06-28,140.0299988,105700,0.079,151.0923687052,1.2,-0.7512917483859971
2016-06-29,142.5200043,97200,0.079,153.77908463970002,1.2,1.778194330742238
2016-06-30,147.4700012,123100,0.079,159.12013129480002,1.2,3.4731944643928148
2016-07-01,144.8200073,75600,0.087,157.41934793509998,2.4,-1.796971505008726
2016-07-05,145.4400024,79300,0.087,158.0932826088,2.4,0.4281142582154885
2016-07-06,144.7599945,100600,0.087,157.3541140215,2.4,-0.4675521787532592
2016-07-07,144.2899933,41900,0.087,156.8432227171,2.4,-0.3246761659693299
2016-07-08,145.3099976,68500,0.087,157.9519673912,2.4,0.7069127086860921
2016-07-11,145.9299927,54100,0.087,158.6259020649,2.4,0.42667064224080015
2016-07-12,146.4499969,96500,0.087,159.1911466303,2.4,0.35633812513716945
2016-07-13,146.8999939,72800,0.087,159.6802933693,2.4,0.3072700645444645
2016-07-14,146.3800049,136600,0.087,159.11506532629997,2.4,-0.35397482749657866
2016-07-15,144.1100006,162300,0.087,156.6475706522,2.4,-1.5507611859630308
2016-07-18,144.6900024,128500,0.087,157.2780326088,2.4,0.40247158253081766
2016-07-19,146.3699951,92000,0.087,159.10418467370002,2.4,1.1610979833669655
2016-07-20,148.6100006,157000,0.087,161.5390706522,2.4,1.5303720536914844
2016-07-21,147.0599976,71100,0.087,159.8542173912,2.4,-1.0430004668205377
2016-07-22,149.3000031,57900,0.087,162.2891033697,2.4,1.5231915793258488
2016-07-25,148.4299927,37200,0.087,161.3434020649,2.4,-0.5827263107404342
2016-07-26,147.6199951,57800,0.087,160.4629346737,2.4,-0.5457101932472187
2016-07-27,141.7299957,181000,0.087,154.06050532589998,2.4,-3.989973984222156
2016-07-28,143.9400024,88500,0.087,156.46278260879998,2.4,1.5593076744868681
2016-07-29,142.4100037,205800,0.087,154.7996740219,2.4,-1.062941971994849
2016-08-01,144.5099945,85200,0.098,158.67197396100002,2.4,1.4746090481282674
2016-08-02,142.6000061,109000,0.098,156.57480669780003,2.4,-1.3216998634651551
2016-08-03,142.4199982,56700,0.098,156.37715802360003,2.4,-0.1262327435482435
2016-08-04,142.2700043,36000,0.098,156.2124647214,2.4,-0.10531800442053253
2016-08-05,142.3500061,43900,0.098,156.3003066978,2.4,0.05623237336191667
2016-08-08,141.5599976,29100,0.098,155.43287736480002,2.4,-0.5549760914270864
2016-08-09,141.5299988,48000,0.098,155.3999386824,2.4,-0.02119157990153536
2016-08-10,153.5,206000,0.098,168.543,2.4,8.457571752625503
2016-08-11,152.25,108500,0.098,167.1705,2.4,-0.8143322475570033
2016-08-12,156.5,84500,0.098,171.83700000000002,2.4,2.7914614121510675
2016-08-15,158,68200,0.098,173.484,2.4,0.9584664536741214
2016-08-16,153.9600067,54300,0.098,169.04808735660004,2.4,-2.5569577848101215
2016-08-17,151.6999969,61700,0.098,166.5665965962,2.4,-1.4679200452386092
2016-08-18,152.7599945,72500,0.098,167.73047396100003,2.4,0.6987459602248698
2016-08-19,151.2599945,30600,0.098,166.083473961,2.4,-0.9819324784016015
2016-08-22,150.0399933,64400,0.098,164.7439126434,2.4,-0.8065590667465037
2016-08-23,153.0200043,76600,0.098,168.01596472140002,2.4,1.9861444501944132
2016-08-24,151.7100067,42100,0.098,166.57758735660002,2.4,-0.8560956497110768
2016-08-25,152.5599976,48400,0.098,167.51087736480002,2.4,0.5602734575582842
2016-08-26,151.3399963,64800,0.098,166.1713159374,2.4,-0.7996862343946489
2016-08-29,150.2599945,53500,0.098,164.98547396100005,2.4,-0.7136261572645426
2016-08-30,150.5200043,53300,0.098,165.27096472140002,2.4,0.17303993712045954
2016-08-31,150.3000031,52200,0.098,165.02940340380002,2.4,-0.14616077180115578
2016-09-01,152.6499939,52100,0.113,169.8994432107,2.4,1.5635334341520053
2016-09-02,153.8300018,83300,0.113,171.21279200339998,2.4,0.7730153600746346
2016-09-06,153.7200012,40900,0.113,171.09036133560002,2.4,-0.07150789749258005
2016-09-07,154.6199951,107400,0.113,172.0920545463,2.4,0.5854761208523841
2016-09-08,151.6300049,89000,0.113,168.76419545369998,2.4,-1.933766844363341
2016-09-09,149.2100067,101400,0.113,166.0707374571,2.4,-1.595989000723155
2016-09-12,149.8000031,132000,0.113,166.7274034503,2.4,0.3954134263838149
2016-09-13,147.1499939,60000,0.113,163.7779432107,2.4,-1.769031472069442
2016-09-14,146.1799927,30600,0.113,162.69833187510002,2.4,-0.659192144213867
2016-09-15,146.3999939,37700,0.113,162.9431932107,2.4,0.15050021274216718
2016-09-16,143.8500061,74700,0.113,160.1050567893,2.4,-1.7417950179299817
2016-09-19,144.6399994,42600,0.113,160.9843193322,2.4,0.5491784960028527
2016-09-20,145.7299957,66700,0.113,162.1974852141,2.4,0.7535925777942141
2016-09-21,145.9499969,56900,0.113,162.4423465497,2.4,0.15096493960852625
2016-09-22,150.5299988,92400,0.113,167.5398886644,2.4,3.138062348256196
2016-09-23,148.5200043,35200,0.113,165.30276478590002,2.4,-1.3352783604751988
2016-09-26,144.5,60200,0.113,160.8285,2.4,-2.7067089843869674
2016-09-27,148.1900024,86800,0.113,164.9354726712,2.4,2.5536348788927317
2016-09-28,146.1300049,58800,0.113,162.6426954537,2.4,-1.3901055851524897
2016-09-29,143.4100037,40300,0.113,159.6153341181,2.4,-1.861357085330519
2016-09-30,148.1600037,115900,0.113,164.9020841181,2.4,3.312181770761644
2016-10-03,145.1199951,72700,0.129,163.8404744679,2,-2.051841606426737
2016-10-04,143.4900055,59700,0.129,162.0002162095,2,-1.1232012507144964
2016-10-05,141.4400024,284000,0.129,159.6857627096,2,-1.4286730931932385
2016-10-06,142.5,94200,0.129,160.8825,2,0.7494326795910764
2016-10-07,141.4700012,99500,0.129,159.7196313548,2,-0.7228061754385874
2016-10-10,141.5800018,85900,0.129,159.8438220322,2,0.07775542451891773
2016-10-11,140.3000031,59600,0.129,158.3987034999,2,-0.9040815678249223
2016-10-12,141.7899933,92500,0.129,160.08090243569998,2,1.0620029701196736
2016-10-13,141.8699951,56300,0.129,160.1712244679,2,0.05642274051790885
2016-10-14,140.3500061,31600,0.129,158.4551568869,2,-1.0713956809039245
2016-10-17,141.2299957,26700,0.129,159.4486651453,2,0.6269964814771658
2016-10-18,142.3999939,35600,0.129,160.7695931131,2,0.8284346354334763
2016-10-19,143.9799957,43800,0.129,162.5534151453,2,1.109551873372651
2016-10-20,142.8899994,35700,0.129,161.3228093226,2,-0.7570470430289058
2016-10-21,143.1600037,29300,0.129,161.6276441773,2,0.1889595500971153
2016-10-24,144.5599976,25900,0.129,163.2082372904,2,0.9779225089528258
2016-10-25,145.3399963,27200,0.129,164.0888558227,2,0.5395674550011151
2016-10-26,144.4700012,46800,0.129,163.10663135480002,2,-0.5985930384945131
2016-10-27,141.5599976,103900,0.129,159.8212372904,2,-2.0142614908485306
2016-10-28,145.0899963,86800,0.129,163.8066058227,2,2.4936413957667325
2016-10-31,141.3000031,62500,0.129,159.5277034999,2,-2.612167135329921
2016-11-01,141.4100037,35600,0.146,162.05586424019998,2,0.07784897210664424
2016-11-02,142.7200012,43900,0.146,163.5571213752,2,0.9263824805345143
2016-11-03,141.3800049,34300,0.146,162.02148561539997,2,-0.9388987449083794
2016-11-04,140.5599976,35500,0.146,161.0817572496,2,-0.5800023140330123
2016-11-07,140.3699951,57500,0.146,160.8640143846,2,-0.13517537225683007
2016-11-08,141.2700043,34300,0.146,161.8954249278,2,0.6411692180788566
2016-11-09,157.8099976,254100,0.146,180.8502572496,2,11.708071633434495
2016-11-10,160.4900055,69000,0.146,183.921546303,2,1.6982497565160553
2016-11-11,167.4799957,83600,0.146,191.9320750722,2,4.355405296562218
2016-11-14,164.9799957,67600,0.146,189.06707507219997,2,-1.4927155864501853
2016-11-15,164.6000061,44400,0.146,188.6316069906,2,-0.2303246514146852
2016-11-16,165.3200073,27500,0.146,189.45672836579996,2,0.4374247711525355
2016-11-17,164.9700012,27100,0.146,189.0556213752,2,-0.2117143022893958
2016-11-18,165.4400024,29600,0.146,189.5942427504,2,0.28490101023287406
2016-11-21,164.8999939,23900,0.146,188.9753930094,2,-0.3264074541623671
2016-11-22,165.0200043,75000,0.146,189.1129249278,2,0.07277768613671999
2016-11-23,164.7299957,27400,0.146,188.7805750722,2,-0.1757414813011379
2016-11-25,165.8600006,13800,0.146,190.0755606876,2,0.6859739752910206
2016-11-28,166.1499939,31200,0.146,190.40789300939997,2,0.17484221569452466
2016-11-29,165.0599976,56300,0.146,189.1587572496,2,-0.6560315016659147
2016-11-30,161.7799988,39200,0.146,185.3998786248,2,-1.98715548751469
2016-12-01,159.0099945,32700,0.16699999999999998,185.5646635815,2,-1.7122044261011469
2016-12-02,157.6199951,19400,0.16699999999999998,183.9425342817,2,-0.8741585108349862
2016-12-05,160.0200043,28000,0.16699999999999998,186.74334501810003,2,1.5226552941315243
2016-12-06,159.7200012,23600,0.16699999999999998,186.39324140040003,2,-0.18747849764930788
2016-12-07,162.0299988,51100,0.16699999999999998,189.0890085996,2,1.4462794782398072
2016-12-08,161.9100037,30900,0.16699999999999998,188.9489743179,2,-0.07405733560986907
2016-12-09,167.1499939,67900,0.16699999999999998,195.0640428813,2,3.2363597555769763
2016-12-12,167.3300018,29600,0.16699999999999998,195.2741121006,2,0.10769243587749396
2016-12-13,167.1600037,32900,0.16699999999999998,195.0757243179,2,-0.10159451274205786
2016-12-14,167.7200012,39500,0.16699999999999998,195.7292414004,2,0.33500687222107817
2016-12-15,171.6600037,33500,0.16699999999999998,200.3272243179,2,2.349154824594642
2016-12-16,174.0599976,42800,0.16699999999999998,203.1280171992,2,1.3981089643888889
2016-12-19,173.6000061,27200,0.16699999999999998,202.5912071187,2,-0.2642718064704839
2016-12-20,178.5200043,43700,0.16699999999999998,208.3328450181,2,2.8341002460368054
2016-12-21,177.2100067,33800,0.16699999999999998,206.80407781890003,2,-0.7338099756028308
2016-12-22,174.6699982,25500,0.16699999999999998,203.83988789940005,2,-1.4333324326881811
2016-12-23,177.5599976,18600,0.16699999999999998,207.2125171992,2,1.6545482508626908
2016-12-27,179.0800018,47300,0.16699999999999998,208.9863621006,2,0.8560510365764886
2016-12-28,178.6999969,24000,0.16699999999999998,208.5428963823,2,-0.21219840081551128
2016-12-29,179.0500031,25700,0.16699999999999998,208.9513536177,2,0.19586245443297803
2016-12-30,178.8500061,30400,0.16699999999999998,208.7179571187,2,-0.11169896483514566
2017-01-03,179.6999969,31500,0.192,214.2023963048,1.7,0.47525343640455175
2017-01-04,179.9600067,17500,0.192,214.5123279864,1.7,0.14469104311932568
2017-01-05,179.3000031,20800,0.192,213.7256036952,1.7,-0.3667501530494276
2017-01-06,177.2100067,21700,0.192,211.2343279864,1.7,-1.1656421438176705
2017-01-09,173.1699982,35300,0.192,206.4186378544,1.7,-2.279785761105103
2017-01-10,171.7299957,27000,0.192,204.7021548744,1.7,-0.8315542616896672
2017-01-11,170.9199982,20900,0.192,203.7366378544,1.7,-0.4716692018178279
2017-01-12,169.3000031,17000,0.192,201.8056036952,1.7,-0.9478089849406581
2017-01-13,170.1000061,24600,0.192,202.7592072712,1.7,0.47253572672852706
2017-01-17,166.7100067,23200,0.192,198.7183279864,1.7,-1.9929449020754584
2017-01-18,168,18100,0.192,200.256,1.7,0.7737947622552593
2017-01-19,166.4100037,14000,0.192,198.3607244104,1.7,-0.9464263690476165
2017-01-20,166.6399994,14900,0.192,198.6348792848,1.7,0.13821026073325499
2017-01-23,167.6900024,16600,0.192,199.8864828608,1.7,0.6301026186873617
2017-01-24,169.6000061,23600,0.192,202.1632072712,1.7,1.1390086902402026
2017-01-25,169.3500061,32100,0.192,201.8652072712,1.7,-0.14740565507562206
2017-01-26,166.4900055,20900,0.192,198.45608655599997,1.7,-1.6888104499454202
2017-01-27,165.9100037,14400,0.192,197.7647244104,1.7,-0.3483703410653025
2017-01-30,164.5,16700,0.192,196.084,1.7,-0.8498605681123279
2017-01-31,168.8399963,26100,0.192,201.2572755896,1.7,2.6382956231003014
2017-02-01,168.2200012,27400,0.21900000000000003,205.0601814628,1.7,-0.36720866713261285
2017-02-02,169.3200073,14600,0.21900000000000003,206.4010888987,1.7,0.6539092213488661
2017-02-03,171.1600037,18000,0.21900000000000003,208.6440445103,1.7,1.086697567133886
2017-02-06,171.2899933,15300,0.21900000000000003,208.8025018327,1.7,0.07594624748187453
2017-02-07,172.3399963,26000,0.21900000000000003,210.0824554897,1.7,0.6129972800927209
2017-02-08,172.9900055,18500,0.21900000000000003,210.8748167045,1.7,0.37716677147218874
2017-02-09,176.3999939,31000,0.21900000000000003,215.0315925641,1.7,1.971205440536276
2017-02-10,177,10000,0.21900000000000003,215.763,1.7,0.3401395242338507
2017-02-13,176.5,22200,0.21900000000000003,215.1535,1.7,-0.2824858757062147
2017-02-14,174.2799988,13900,0.21900000000000003,212.4473185372,1.7,-1.2577910481586474
2017-02-15,174.4400024,18300,0.21900000000000003,212.64236292560005,1.7,0.09180835500442422
2017-02-16,175.0899963,10800,0.21900000000000003,213.4347054897,1.7,0.37261745646478983
2017-02-17,177.0599976,19600,0.21900000000000003,215.83613707440003,1.7,1.1251364107773454
2017-02-21,181.0899963,32800,0.21900000000000003,220.7487054897,1.7,2.2760639075034037
2017-02-22,180.5700073,19300,0.21900000000000003,220.1148388987,1.7,-0.287143967432954
2017-02-23,180.8399963,18700,0.21900000000000003,220.4439554897,1.7,0.14952040155342541
2017-02-24,177.3200073,16700,0.21900000000000003,216.1530888987,1.7,-1.946465976564505
2017-02-27,176.3999939,30700,0.21900000000000003,215.0315925641,1.7,-0.5188435383061186
2017-02-28,172.0700073,29100,0.21900000000000003,209.7533388987,1.7,-2.454641014587933
2017-03-01,174.5099945,32600,0.243,216.9159231635,1.7,1.4180200479366278
2017-03-02,174.0200043,15200,0.243,216.3068653449,1.7,-0.28078059448909903
2017-03-03,174.2899933,18900,0.243,216.6424616719,1.7,0.15514825498713145
2017-03-06,173.4100037,19000,0.243,215.5486345991,1.7,-0.5048996694177896
2017-03-07,174.5500031,16000,0.243,216.9656538533,1.7,0.657401173909319
2017-03-08,174.3500061,28300,0.243,216.7170575823,1.7,-0.11457862872991047
2017-03-09,173,40700,0.243,215.039,1.7,-0.7743080314122236
2017-03-10,171.7400055,21900,0.243,213.47282683649996,1.7,-0.7283205202312166
2017-03-13,171.2200012,23900,0.243,212.8264614916,1.7,-0.30278577113471816
2017-03-14,186.5,255800,0.243,231.8195,1.7,8.924190335772517
2017-03-15,189.0399933,929500,0.243,234.9767116719,1.7,1.3619267024128643
2017-03-16,192.3800049,104700,0.243,239.12834609069995,1.7,1.766828035536117
2017-03-17,194.0299988,120600,0.243,241.17928850839996,1.7,0.8576743206019111
2017-03-20,195.2299957,44900,0.243,242.67088465509997,1.7,0.6184594688561129
2017-03-21,195,84000,0.243,242.385,1.7,-0.11780756290821824
2017-03-22,195.8300018,64500,0.243,243.41669223739996,1.7,0.4256419487179441
2017-03-23,198.5200043,71800,0.243,246.7603653449,1.7,1.3736416663812847
2017-03-24,197.2799988,32900,0.243,245.21903850839996,1.7,-0.6246249612840773
2017-03-27,199.3800049,45000,0.243,247.82934609069997,1.7,1.0644799841716148
2017-03-28,202,48600,0.243,251.086,1.7,1.3140711383340986
2017-03-29,202.2599945,39700,0.243,251.4091731635,1.7,0.12871014851485388
2017-03-30,203.75,38000,0.243,253.26125,1.7,0.7366783054075456
2017-03-31,206.0200043,53900,0.243,256.0828653449,1.7,1.114112539877306
2017-04-03,199.3099976,48000,0.265,252.127146964,2,-3.25696852730335
2017-04-04,202.0200043,40300,0.265,255.55530543950005,2,1.359694311691672
2017-04-05,199.6699982,32600,0.265,252.58254772300003,2,-1.163254157994294
2017-04-06,198.6699982,25100,0.265,251.31754772300005,2,-0.5008263680146615
2017-04-07,199.2100067,51800,0.265,252.00065847550005,2,0.27181180092243995
2017-04-10,204.3399963,35300,0.265,258.49009531950003,2,2.575166621888371
2017-04-11,203.9100037,23000,0.265,257.94615468050006,2,-0.21042997346867984
2017-04-12,202.5099945,19600,0.265,256.17514304250005,2,-0.6865819109393697
2017-04-13,202.1799927,23800,0.265,255.75769076550003,2,-0.16295580907735935
2017-04-17,207.4499969,19600,0.265,262.4242460785,2,2.6065903602142075
2017-04-18,207.3899994,27800,0.265,262.348349241,2,-0.028921427282030766
2017-04-19,208.2299957,18700,0.265,263.4109445605,2,0.40503221101798015
2017-04-20,209.8200073,37300,0.265,265.4223092345,2,0.7635843215838846
2017-04-21,204.8999939,34200,0.265,259.1984922835,2,-2.344873333726163
2017-04-24,209.1000061,31400,0.265,264.51150771650003,2,2.0497863958208753
2017-04-25,207.2899933,77900,0.265,262.2218415245,2,-0.865620634718867
2017-04-26,208.3500061,34000,0.265,263.5627577165,2,0.5113670868163465
2017-04-27,209.9199982,37400,0.265,265.54879772300006,2,0.7535359030642272
2017-04-28,211.8600006,30400,0.265,268.00290075900006,2,0.924162736582949
2017-05-01,209.6499939,38600,0.28400000000000003,269.1905921676,2,-1.0431448568588402
2017-05-02,207,60400,0.28400000000000003,265.788,2,-1.2640085748173249
2017-05-03,204.1900024,51600,0.28400000000000003,262.1799630816,2,-1.3574867632850254
2017-05-04,205.1499939,41200,0.28400000000000003,263.4125921676,2,0.47014618184851986
2017-05-05,205.7400055,31200,0.28400000000000003,264.170167062,2,0.28760010604123976
2017-05-08,205,37800,0.28400000000000003,263.22,2,-0.3596799262261103
2017-05-09,203.1499939,45800,0.28400000000000003,260.8445921676,2,-0.9024420000000009
2017-05-10,204.5700073,91300,0.28400000000000003,262.6678893732,2,0.6989975105285926
2017-05-11,203.6699982,51000,0.28400000000000003,261.5122776888,2,-0.43995163899081363
2017-05-12,199.9299927,39800,0.28400000000000003,256.71011062680003,2,-1.8363065414904074
2017-05-15,199.3000031,53600,0.28400000000000003,255.9012039804,2,-0.31510509828574407
2017-05-16,200.1100006,64400,0.28400000000000003,256.9412407704,2,0.4064212179633471
2017-05-17,199.8200073,68300,0.28400000000000003,256.56888937319997,2,-0.14491694524537438
2017-05-18,201.5599976,70300,0.28400000000000003,258.8030369184,2,0.8707788191538198
2017-05-19,204.4199982,45500,0.28400000000000003,262.4752776888,2,1.4189326424163473
2017-05-22,214.4199982,66100,0.28400000000000003,275.3152776888,2,4.891889290702479
2017-05-23,215.1100006,42800,0.28400000000000003,276.20124077040003,2,0.3217994617071111
2017-05-24,225.25,104400,0.28400000000000003,289.221,2,4.713867031619539
2017-05-25,223.0599976,71300,0.28400000000000003,286.40903691840003,2,-0.9722541176470577
2017-05-26,225.6699982,46400,0.28400000000000003,289.76027768880004,2,1.1700890469300385
2017-05-30,227.4100037,67300,0.28400000000000003,291.9944447508,2,0.7710397987675418
2017-05-31,227.7400055,84100,0.28400000000000003,292.418167062,2,0.14511314130020872
2017-06-01,231.2100067,57100,0.3,300.57300871,2,1.523667830068623
2017-06-02,231.75,47300,0.3,301.27500000000003,2,0.23355100746164717
2017-06-05,225.9100037,53000,0.3,293.68300481,2,-2.5199552535059313
2017-06-06,226.4100037,44000,0.3,294.33300481000003,2,0.2213270735296792
2017-06-07,230.1100006,30100,0.3,299.14300078,2,1.6342020403403237
2017-06-08,228.8500061,30800,0.3,297.50500793000003,2,-0.5475618168330946
2017-06-09,227.0599976,28400,0.3,295.17799688,2,-0.7821754215806417
2017-06-12,228.6399994,26600,0.3,297.23199922,2,0.6958521169296404
2017-06-13,231.6900024,39900,0.3,301.19700312000003,2,1.3339761231647396
2017-06-14,236.2200012,25900,0.3,307.08600156,2,1.955198218773041
2017-06-15,238.8699951,37700,0.3,310.53099363,2,1.1218329889670655
2017-06-16,234.1600037,59700,0.3,304.40800481,2,-1.9717802556274286
2017-06-19,235.8899994,21600,0.3,306.65699922,2,0.7388092213290263
2017-06-20,235.3800049,31800,0.3,305.99400637,2,-0.21620013620636974
2017-06-21,234.7899933,19100,0.3,305.22699129,2,-0.25066343262702384
2017-06-22,233.0500031,19800,0.3,302.96500403,2,-0.7410836277748615
2017-06-23,235.6600037,32800,0.3,306.35800481,2,1.1199315877631957
2017-06-26,233.8200073,39500,0.3,303.96600949,2,-0.7807843380764651
2017-06-27,227.3699951,31000,0.3,295.58099363,2,-2.7585373358253142
2017-06-28,233.1100006,26000,0.3,303.04300078,2,2.5245219790216704
2017-06-29,230.75,18200,0.3,299.975,2,-1.0123978353247904
2017-06-30,228.8699951,19200,0.3,297.53099363,2,-0.8147366847237221
2017-07-03,224.2599945,12500,0.317,295.3504127565,3.4,-2.014244199195164
2017-07-05,224.8800049,29400,0.317,296.16696645329995,3.4,0.27646946187719806
2017-07-06,224.5399933,25100,0.317,295.71917117609996,3.4,-0.15119690172151756
2017-07-07,226.9600067,23900,0.317,298.9063288239,3.4,1.0777649738177026
2017-07-10,226.5599976,49100,0.317,298.3795168392,3.4,-0.17624651400752953
2017-07-11,227.4900055,43800,0.317,299.60433724349997,3.4,0.41049077941903744
2017-07-12,232.3099976,32800,0.317,305.9522668392,3.4,2.1187709277188476
2017-07-13,229.8399963,28900,0.317,302.6992751271,3.4,-1.0632350417621488
2017-07-14,235.5500031,34000,0.317,310.21935408269997,3.4,2.48433992861146
2017-07-17,236.8200073,51100,0.317,311.8919496141,3.4,0.5391654354854001
2017-07-18,234.1499939,41000,0.317,308.3755419663,3.4,-1.127444184484656
2017-07-19,236.3999939,37600,0.317,311.3387919663,3.4,0.9609225106198049
2017-07-20,241.8000031,36300,0.317,318.4506040827,3.4,2.2842679100424457
2017-07-21,240.8600006,29700,0.317,317.2126207902,3.4,-0.3887520628406441
2017-07-24,238.3300018,33800,0.317,313.8806123706,3.4,-1.050402222742507
2017-07-25,238.0899963,15300,0.317,313.56452512709996,3.4,-0.10070301606484326
2017-07-26,241.8699951,22300,0.317,318.5427835467,3.4,1.5876344486297156
2017-07-27,244.0399933,36500,0.317,321.4006711761,3.4,0.8971754429906881
2017-07-28,240.5399933,21200,0.317,316.79117117609997,3.4,-1.434191155585481
2017-07-31,240.0899963,23700,0.317,316.19852512709997,3.4,-0.18707783010485193
2017-08-01,240.0800018,21800,0.336,320.74688240480003,3.4,-0.004162814008925366
2017-08-02,238.5,21500,0.336,318.636,3.4,-0.6581147068285265
2017-08-03,238.3999939,17100,0.336,318.5023918504,3.4,-0.041931278825996496
2017-08-04,238.8000031,13300,0.336,319.03680414160004,3.4,0.16778909825299265
2017-08-07,242.5200043,15700,0.336,324.0067257448,3.4,1.5577894270136268
2017-08-08,242.4499969,28700,0.336,323.9131958584,3.4,-0.02886664966136511
2017-08-09,206.8399963,147700,0.336,276.3382350568,3.4,-14.687564881548573
2017-08-10,210.9700012,61900,0.336,281.85592160320004,3.4,1.9967148394307033
2017-08-11,208.8099976,31800,0.336,278.97015679360004,3.4,-1.0238439530330772
2017-08-14,210.5399933,35900,0.336,281.2814310488,3.4,0.8285023322082492
2017-08-15,212.1999969,28800,0.336,283.4991958584,3.4,0.7884504858108639
2017-08-16,213.3600006,27900,0.336,285.0489608016,3.4,0.5466558515298471
2017-08-17,208.2200012,36200,0.336,278.1819216032,3.4,-2.409073577777255
2017-08-18,204.6699982,29400,0.336,273.4391175952,3.4,-1.7049289115074713
2017-08-21,205.1799927,25900,0.336,274.12047024720005,3.4,0.24917892435883396
2017-08-22,210.0700073,28200,0.336,280.6535297528,3.4,2.3832804240079164
2017-08-23,208.7299957,26600,0.336,278.8632742552,3.4,-0.6378881103604346
2017-08-24,208.1900024,34900,0.336,278.14184320640004,3.4,-0.2587042165114134
2017-08-25,202.6399994,29000,0.336,270.7270391984,3.4,-2.6658355041164086
2017-08-28,205.9600067,22800,0.336,275.1625689512,3.4,1.638377077492241
2017-08-29,209.5800018,34600,0.336,279.9988824048,3.4,1.7576204031071159
2017-08-30,211.6699982,32600,0.336,282.79111759520003,3.4,0.9972308340728425
2017-08-31,213.5899963,40300,0.336,285.3562350568,3.4,0.9070714396595042
2017-09-01,212.9499969,27800,0.358,289.1860957902,3.4,-0.299639220509689
2017-09-05,210.75,22200,0.358,286.1985,3.4,-1.033104922294555
2017-09-06,212.5,23600,0.358,288.57500000000005,3.4,0.8303677342823249
2017-09-07,212.4700012,23600,0.358,288.53426162960005,3.4,-0.014117082352935111
2017-09-08,212.2899933,15500,0.358,288.2898109014,3.4,-0.08472156021243575
2017-09-11,215.0599976,29600,0.358,292.0514767408,3.4,1.3048209465462406
2017-09-12,212.8899994,19300,0.358,289.1046191852,3.4,-1.0090199126831987
2017-09-13,211.1799927,21600,0.358,286.7824300866,3.4,-0.8032348653386204
2017-09-14,208.9900055,32800,0.358,283.80842746900004,3.4,-1.0370239964498391
2017-09-15,208.8899994,74700,0.358,283.6726191852,3.4,-0.047852096927190925
2017-09-18,210.8899994,41200,0.358,286.3886191852,3.4,0.9574417184856385
2017-09-19,211.3899994,33300,0.358,287.0676191852,3.4,0.2370904269631289
2017-09-20,209.5800018,31400,0.358,284.6096424444,3.4,-0.8562361536200481
2017-09-21,208.7700043,27900,0.358,283.50966583940004,3.4,-0.38648606405345504
2017-09-22,209.3000031,29600,0.358,284.2294042098,3.4,0.25386731287239195
2017-09-25,210.6199951,39500,0.358,286.02195334580006,3.4,0.6306698425462246
2017-09-26,210.25,42300,0.358,285.5195,3.4,-0.1756695036595845
2017-09-27,213.0500031,47100,0.358,289.32190420980004,3.4,1.3317493935790716
2017-09-28,215.0099945,46900,0.358,291.98357253100005,3.4,0.919967787599627
2017-09-29,215.75,31800,0.358,292.98850000000004,3.4,0.3441726054274166
2017-10-02,217.9600067,30300,0.37799999999999995,300.3488892326,4.1,1.0243368250289724
2017-10-03,219,38300,0.37799999999999995,301.782,4.1,0.47714868234126917
2017-10-04,220.4499969,20300,0.37799999999999995,303.78009572819997,4.1,0.6620990410958913
2017-10-05,221.5299988,49100,0.37799999999999995,305.26833834639996,4.1,0.48990787715451534
2017-10-06,218.9100037,33700,0.37799999999999995,301.65798509859997,4.1,-1.1826818553659393
2017-10-09,220.6000061,40800,0.37799999999999995,303.9868084058,4.1,0.7720078440618094
2017-10-10,223.3200073,36100,0.37799999999999995,307.7349700594,4.1,1.2330014164945142
2017-10-11,226.3699951,40100,0.37799999999999995,311.9378532478,4.1,1.365747671637312
2017-10-12,225.5099945,27600,0.37799999999999995,310.752772421,4.1,-0.3799092718185098
2017-10-13,225.3000031,28300,0.37799999999999995,310.46340427179996,4.1,-0.09311844491220851
2017-10-16,227.1000061,30900,0.37799999999999995,312.9438084058,4.1,0.7989360742268022
2017-10-17,225.8999939,38500,0.37799999999999995,311.2901915942,4.1,-0.5284069430943107
2017-10-18,226.2799988,20300,0.37799999999999995,311.81383834639996,4.1,0.16821819843350988
2017-10-19,225.7400055,26600,0.37799999999999995,311.06972757899996,4.1,-0.238639430291526
2017-10-20,224.8399963,19000,0.37799999999999995,309.8295149014,4.1,-0.39869282274824763
2017-10-23,224.2200012,32300,0.37799999999999995,308.97516165359997,4.1,-0.2757494708249036
2017-10-24,223.8000031,29600,0.37799999999999995,308.39640427179995,4.1,-0.18731518051566892
2017-10-25,223.3899994,22500,0.37799999999999995,307.83141917319995,4.1,-0.1832009358001677
2017-10-26,223.8600006,22800,0.37799999999999995,308.4790808268,4.1,0.21039491528823243
2017-10-27,222.5700073,28200,0.37799999999999995,306.7014700594,4.1,-0.5762500207909051
2017-10-30,221.0200043,22700,0.37799999999999995,304.5655659254,4.1,-0.6964114432142428
2017-10-31,225.5599976,31300,0.37799999999999995,310.8216766928,4.1,2.054109678614277
2017-11-01,224.6999969,34500,0.4,314.57999566,4.1,-0.3812735897989744
2017-11-02,224.4199982,19800,0.4,314.18799748,4.1,-0.12461001507027304
2017-11-03,224.1900024,21500,0.4,313.86600336,4.1,-0.10248453874197194
2017-11-06,224.2599945,31100,0.4,313.9639923,4.1,0.03121999163688284
2017-11-07,223.9299927,38900,0.4,313.50198978,4.1,-0.147151434983198
2017-11-08,206.2599945,360600,0.4,288.7639923,4.1,-7.890858203917589
2017-11-09,198.0099945,80100,0.4,277.2139923,4.1,-3.9998061766650537
2017-11-10,195.8699951,61000,0.4,274.21799314,4.1,-1.0807532243025206
2017-11-13,202.1199951,57300,0.4,282.96799314,4.1,3.190891997934195
2017-11-14,204.1499939,78700,0.4,285.80999146,4.1,1.0043532798403412
2017-11-15,199.8800049,59600,0.4,279.83200686,4.1,-2.091593988531591
2017-11-16,204.4199982,59400,0.4,286.18799748,4.1,2.2713594099977032
2017-11-17,202.7400055,37000,0.4,283.8360077,4.1,-0.8218338297588409
2017-11-20,204.2599945,63200,0.4,285.9639923,4.1,0.7497232705757274
2017-11-21,207.4199982,47000,0.4,290.38799747999997,4.1,1.5470497332261528
2017-11-22,204.5500031,40400,0.4,286.37000434,4.1,-1.3836636413585752
2017-11-24,204.5500031,17800,0.4,286.37000434,4.1,0
2017-11-27,205.5099945,47200,0.4,287.7139923,4.1,0.4693186924718296
2017-11-28,207.0500031,78700,0.4,289.87000434,4.1,0.7493594672837155
2017-11-29,211.4400024,67800,0.4,296.01600335999996,4.1,2.1202604367408484
2017-11-30,215.7100067,59700,0.4,301.99400937999997,4.1,2.019487443971014
2017-12-01,216.9299927,50400,0.421,308.2575196267,4.1,0.5655676427179888
2017-12-04,212.6900024,52600,0.421,302.2324934104,4.1,-1.954543144185528
2017-12-05,211.6000061,37100,0.421,300.6836086681,4.1,-0.512481211011541
2017-12-06,218.8800049,35700,0.421,311.0284869629,4.1,3.44045301991132
2017-12-07,225.1999969,70100,0.421,320.0091955949,4.1,2.8874231809741766
2017-12-08,224.9700012,67800,0.421,319.6823717052,4.1,-0.10212953071314596
2017-12-11,227.5200043,73600,0.421,323.30592611030005,4.1,1.1334858365107205
2017-12-12,223.2299957,71500,0.421,317.2098238897,4.1,-1.885552267458366
2017-12-13,218.5399933,66400,0.421,310.5453304793,4.1,-2.1009732071593628
2017-12-14,216.8000031,62500,0.421,308.0728044051,4.1,-0.7961884567331476
2017-12-15,226.3899994,169300,0.421,321.7001891474,4.1,4.423429964425123
2017-12-18,224.6100006,41000,0.421,319.1708108526,4.1,-0.7862532818223009
2017-12-19,222.3399963,51500,0.421,315.9451347423,4.1,-1.0106425777730978
2017-12-20,222.5700073,30800,0.421,316.2719803733,4.1,0.10345012315716694
2017-12-21,224.0599976,79800,0.421,318.3892565896,4.1,0.6694479270028836
2017-12-22,221.9700012,30900,0.421,315.41937170520004,4.1,-0.9327842642090566
2017-12-26,218.6600037,68300,0.421,310.7158652577,4.1,-1.4911913691515575
2017-12-27,219.5200043,76300,0.421,311.9379261103,4.1,0.3933049416663878
2017-12-28,216.8300018,40800,0.421,308.1154325578,4.1,-1.2254019894805641
2017-12-29,215.2599945,38200,0.421,305.8844521845,4.1,-0.7240729082537812
2018-01-02,211.2799988,64200,0.442,304.66575826959996,2.8,-1.8489249287795637
2018-01-03,209,42100,0.442,301.378,2.8,-1.0791361288099304
2018-01-04,205.5099945,56100,0.442,296.345412069,2.8,-1.6698590909090885
2018-01-05,202,53900,0.442,291.284,2.8,-1.7079434547890102
2018-01-08,208.9499969,59900,0.442,301.3058955298,2.8,3.4405925247524762
2018-01-09,205.5,65400,0.442,296.331,2.8,-1.6511112472765976
2018-01-10,205.1799927,45000,0.442,295.8695494734,2.8,-0.15572131386860638
2018-01-11,203.9600067,63000,0.442,294.1103296614,2.8,-0.5945930614120768
2018-01-12,200.5099945,51800,0.442,289.135412069,2.8,-1.6915140648502456
2018-01-16,201.6900024,55500,0.442,290.8369834608,2.8,0.5885032828126643
2018-01-17,204.25,44900,0.442,294.5285,2.8,1.2692734243331056
2018-01-18,202.9600067,53700,0.442,292.6683296614,2.8,-0.6315756670746594
2018-01-19,207.2700043,59000,0.442,298.8833462006,2.8,2.12356989442295
2018-01-22,205.9900055,53600,0.442,297.03758793099996,2.8,-0.6175513935665101
2018-01-23,206.3600006,43400,0.442,297.5711208652,2.8,0.17961798636876644
2018-01-24,205.5099945,61500,0.442,296.345412069,2.8,-0.411904486106113
2018-01-25,204.4299927,56300,0.442,294.7880494734,2.8,-0.5255227623491523
2018-01-26,206.9400024,62300,0.442,298.4074834608,2.8,1.2278089270801913
2018-01-29,202.0599976,63600,0.442,291.37051653919997,2.8,-2.3581737428258553
2018-01-30,203.1000061,32000,0.442,292.8702087962,2.8,0.5147028171596885
2018-01-31,202.5200043,42800,0.442,292.0338462006,2.8,-0.28557448674541963
2018-02-01,202.8399963,80200,0.464,296.95775458319997,2.8,0.1580051319404327
2018-02-02,199.2400055,93300,0.464,291.687368052,2.8,-1.7747933670219658
2018-02-05,186.6999969,65900,0.464,273.3287954616,2.8,-6.293921026819081
2018-02-06,184.5599976,69100,0.464,270.1958364864,2.8,-1.1462235326903742
2018-02-07,187.6100006,40400,0.464,274.6610408784,2.8,1.6525807540430981
2018-02-08,182.5800018,56000,0.464,267.29712263519997,2.8,-2.6810931101292343
2018-02-09,182.2899933,52500,0.464,266.8725501912,2.8,-0.15883913744161163
2018-02-12,180.9700012,63400,0.464,264.9400817568,2.8,-0.7241165991089973
2018-02-13,183.4100037,58000,0.464,268.5122454168,2.8,1.3482911442893837
2018-02-14,183.7899933,36500,0.464,269.06855019119996,2.8,0.20718041128308834
2018-02-15,189.0200043,31800,0.464,276.7252862952,2.8,2.8456451333904145
2018-02-16,190.6900024,42600,0.464,279.1701635136,2.8,0.883503365786341
2018-02-20,185.7299957,35800,0.464,271.9087137048,2.8,-2.601083768196548
2018-02-21,183.5200043,46800,0.464,268.6732862952,2.8,-1.1898947133825721
2018-02-22,183.0399933,44400,0.464,267.9705501912,2.8,-0.26155786222375255
2018-02-23,182.1699982,36200,0.464,266.6968773648,2.8,-0.47530328444345654
2018-02-26,185.6199951,52600,0.464,271.7476728264,2.8,1.8938337454515064
2018-02-27,182.1999969,61600,0.464,266.7407954616,2.8,-1.842472950264618
2018-02-28,186.6100006,59100,0.464,273.1970408784,2.8,2.4204191959566406
2018-03-01,185.5099945,42400,0.488,276.038871816,2.8,-0.5894679258684926
2018-03-02,191.1999969,73300,0.488,284.5055953872,2.8,3.0672214806194695
2018-03-05,186,45500,0.488,276.768,2.8,-2.719663694722582
2018-03-06,188.7799988,59400,0.488,280.9046382144,2.8,1.4946230107526812
2018-03-07,185.3099976,48400,0.488,275.7412764288,2.8,-1.8381190920952504
2018-03-08,188.8099976,32100,0.488,280.9492764288,2.8,1.888727022464761
2018-03-09,187.8600006,47500,0.488,279.53568089280003,2.8,-0.5031497336346538
2018-03-12,187.4799957,30900,0.488,278.9702336016,2.8,-0.2022809000246629
2018-03-13,186.4900055,35200,0.488,277.497128184,2.8,-0.5280511108951311
2018-03-14,183.9100037,44300,0.488,273.6580855056,2.8,-1.3834531202263227
2018-03-15,179.5,53600,0.488,267.096,2.8,-2.397913985795871
2018-03-16,182.4400024,75800,0.488,271.4707235712,2.8,1.6378843454038985
2018-03-19,179.3500061,45400,0.488,266.8728090768,2.8,-1.6937054699359047
2018-03-20,179.1000061,26500,0.488,266.5008090768,2.8,-0.13939224504994316
2018-03-21,176.5,22300,0.488,262.632,2.8,-1.4517063157151961
2018-03-22,175.6699982,47600,0.488,261.3969573216,2.8,-0.47025597733710534
2018-03-23,169.5899963,27700,0.488,252.3499144944,2.8,-3.4610360120103953
2018-03-26,173.5599976,44600,0.488,258.2572764288,2.8,2.340940731537717
2018-03-27,172.5500031,30100,0.488,256.7544046128,2.8,-0.5819281596947918
2018-03-28,174.1799927,18600,0.488,259.1798291376,2.8,0.9446476793485586
2018-03-29,172.6699982,82500,0.488,256.9329573216,2.8,-0.8669161575869124
2018-04-02,170.3000031,51900,0.513,257.6639046903,2.8,-1.3725575518075213
2018-04-03,174.0399933,35500,0.513,263.32250986289995,2.8,2.196118691673702
2018-04-04,177.7599945,55800,0.513,268.9508716785,2.8,2.1374404408230996
2018-04-05,176.7200012,52000,0.513,267.3773618156,2.8,-0.5850547548256094
2018-04-06,174.75,31300,0.513,264.39675,2.8,-1.1147584804339696
2018-04-09,174.8800049,34700,0.513,264.59344741369995,2.8,0.07439479256079472
2018-04-10,174.75,45500,0.513,264.39675,2.8,-0.0743394878530157
2018-04-11,174.0800018,37500,0.513,263.38304272339997,2.8,-0.38340383404864614
2018-04-12,172.3600006,22100,0.513,260.7806809078,2.8,-0.9880521497099299
2018-04-13,172.6799927,26000,0.513,261.26482895510003,2.8,0.18565334119638396
2018-04-16,175.1000061,20700,0.513,264.9263092293,2.8,1.4014440017983552
2018-04-17,175.4799957,47800,0.513,265.50123349409995,2.8,0.21701289935020032
2018-04-18,174.2700043,67600,0.513,263.6705165059,2.8,-0.6895323852575057
2018-04-19,169.3500061,38700,0.513,256.2265592293,2.8,-2.823204268435316
2018-04-20,169.7700043,58900,0.513,256.8620165059,2.8,0.2480060140960391
2018-04-23,168.5500031,35300,0.513,255.01615469029997,2.8,-0.718619997113361
2018-04-24,167.1999969,23600,0.513,252.9735953097,2.8,-0.8009529369151318
2018-04-25,165.7200012,30800,0.513,250.7343618156,2.8,-0.8851649087560415
2018-04-26,168.7799988,26100,0.513,255.36413818439996,2.8,1.8464865905395458
2018-04-27,167.5,49400,0.513,253.4275,2.8,-0.7583829891578285
2018-04-30,168.3899994,30600,0.513,254.77406909219997,2.8,0.5313429253731304
2018-05-01,169.0099945,29100,0.541,260.4444015245,2.8,0.36818997696368616
2018-05-02,164.4499969,28900,0.541,253.4174452229,2.8,-2.6980638710097127
2018-05-03,162.3999939,28500,0.541,250.2583905999,2.8,-1.2465813552107181
2018-05-04,164.8699951,27000,0.541,254.0646624491,2.8,1.5209367566361793
2018-05-07,165.3000031,41400,0.541,254.7273047771,2.8,0.26081640855218696
2018-05-08,168.8600006,50700,0.541,260.2132609246,2.8,2.1536584593082857
2018-05-09,133.1100006,432200,0.541,205.1225109246,2.8,-21.171384503714137
2018-05-10,137.6600037,219500,0.541,212.1340657017,2.8,3.41822784125207
2018-05-11,130.8500061,156200,0.541,201.6398594001,2.8,-4.946968921227772
2018-05-14,126.8000031,191200,0.541,195.3988047771,2.8,-3.0951492634282753
2018-05-15,127.2200012,130500,0.541,196.0460218492,2.8,0.3312287773910952
2018-05-16,126.4800034,88200,0.541,194.9056852394,2.8,-0.5816678140386605
2018-05-17,129.7599945,106700,0.541,199.9601515245,2.8,2.5932882762715073
2018-05-18,129.2599945,50500,0.541,199.1896515245,2.8,-0.3853267734224511
2018-05-21,129.2700043,51300,0.541,199.2050766263,2.8,0.007743927298407824
2018-05-22,128.6399994,39000,0.541,198.2342390754,2.8,-0.4873558281455222
2018-05-23,128.7599945,52200,0.541,198.4191515245,2.8,0.09327977344503256
2018-05-24,127.4400024,59100,0.541,196.3850436984,2.8,-1.02515700247254
2018-05-25,126.9700012,53800,0.541,195.6607718492,2.8,-0.36880193906838676
2018-05-29,128.4900055,54000,0.541,198.0030984755,2.8,1.197136556378954
2018-05-30,129.2899933,53800,0.541,199.23587967529997,2.8,0.6226070244817576
2018-05-31,127.4100037,62700,0.541,196.3388157017,2.8,-1.4540874757706308
2018-06-01,126.6600037,48500,0.57,198.856205809,2.8,-0.5886507952436391
2018-06-04,129.4400024,62900,0.57,203.22080376799997,2.8,2.1948512701646106
2018-06-05,128.3000031,38500,0.57,201.431004867,2.8,-0.8807163773661978
2018-06-06,126.9700012,43100,0.57,199.342901884,2.8,-1.0366343475170183
2018-06-07,129.4100037,42800,0.57,203.173705809,2.8,1.9217157414660286
2018-06-08,129.6999969,62300,0.57,203.628995133,2.8,0.2240887038936062
2018-06-11,130.8300018,40300,0.57,205.40310282599995,2.8,0.8712451249102449
2018-06-12,134.1799927,88600,0.57,210.662588539,2.8,2.5605678008941397
2018-06-13,132.2799988,57200,0.57,207.67959811599997,2.8,-1.4160038779015574
2018-06-14,132.8899994,32600,0.57,208.63729905799997,2.8,0.46114348770315117
2018-06-15,134.1799927,82400,0.57,210.662588539,2.8,0.9707226321200665
2018-06-18,130.9799957,67300,0.57,205.63859324899997,2.8,-2.384854057306879
2018-06-19,130.9299927,57900,0.57,205.560088539,2.8,-0.038176058666625365
2018-06-20,129.6300049,61600,0.57,203.51910769299997,2.8,-0.9928877052477105
2018-06-21,131.8800049,45400,0.57,207.05160769299997,2.8,1.7357092609351588
2018-06-22,135.4100037,75100,0.57,212.59370580899997,2.8,2.676674756477823
2018-06-25,135.9799957,53900,0.57,213.48859324899996,2.8,0.4209378808251114
2018-06-26,134.7899933,48200,0.57,211.62028948099996,2.8,-0.8751304880354525
2018-06-27,129.9900055,43000,0.57,204.084308635,2.8,-3.561086162617976
2018-06-28,134.6199951,48400,0.57,211.353392307,2.8,3.5618042957925837
2018-06-29,135.1300049,33800,0.57,212.15410769299996,2.8,0.3788514474548347
2018-07-02,132.7599945,51600,0.599,212.2832312055,2.9,-1.7538742796271327
2018-07-03,133.0800018,41000,0.599,212.79492287819997,2.9,0.24104196539416556
2018-07-05,134.1100006,65300,0.599,214.4418909594,2.9,0.7739696318519403
2018-07-06,138.0299988,61100,0.599,220.70996808119995,2.9,2.9229723230647577
2018-07-09,136.7299957,56100,0.599,218.6312631243,2.9,-0.9418264951835947
2018-07-10,137.9799957,28900,0.599,220.6300131243,2.9,0.9142105165735773
2018-07-11,137.4199982,40500,0.599,219.7345771218,2.9,-0.40585412193919945
2018-07-12,136.6100006,34500,0.599,218.4393909594,2.9,-0.5894321136732504
2018-07-13,135.4799957,25900,0.599,216.6325131243,2.9,-0.8271758253692718
2018-07-16,134.1300049,33000,0.599,214.4738778351,2.9,-0.9964502825858892
2018-07-17,135.7100067,22600,0.599,217.0003007133,2.9,1.1779629779168221
2018-07-18,134.3699951,36100,0.599,214.8576221649,2.9,-0.9874081009827235
2018-07-19,136.4199982,46600,0.599,218.1355771218,2.9,1.52564052597781
2018-07-20,138.1999969,40300,0.599,220.9817950431,2.9,1.3047930827490606
2018-07-23,139.3899994,46300,0.599,222.8846090406,2.9,0.8610727400095849
2018-07-24,138.5500031,37700,0.599,221.5414549569,2.9,-0.6026230745503509
2018-07-25,138.1900024,39800,0.599,220.9658138376,2.9,-0.2598344943667493
2018-07-26,138.3999939,33700,0.599,221.3015902461,2.9,0.15195853271075782
2018-07-27,139.9299927,59100,0.599,223.7480583273,2.9,1.105490511152411
2018-07-30,142.8999939,37200,0.599,228.4970902461,2.9,2.122490784636469
2018-07-31,145.1199951,45300,0.599,232.0468721649,2.9,1.5535348458821823
2018-08-01,148.0200043,67200,0.626,240.6805269918,2.9,1.9983526033071093
2018-08-02,148.1499939,36800,0.626,240.8918900814,2.9,0.08781894083486903
2018-08-03,149.4799957,39800,0.626,243.0544730082,2.9,0.897740030214062
2018-08-06,151.7400055,38100,0.626,246.729248943,2.9,1.5119145471048514
2018-08-07,152.0200043,91100,0.626,247.1845269918,2.9,0.18452536565910138
2018-08-08,153.3500061,56700,0.626,249.3471099186,2.9,0.8748860428758656
2018-08-09,166.3699951,156500,0.626,270.5176120326,2.9,8.490373969408019
2018-08-10,160.7100067,77700,0.626,261.3144708942,2.9,-3.4020487868608487
2018-08-13,166.2200012,113400,0.626,270.2737219512,2.9,3.4285323068187044
2018-08-14,169.4700012,115500,0.626,275.5582219512,2.9,1.955240029200529
2018-08-15,172.4600067,166000,0.626,280.4199708942,2.9,1.7643273020759231
2018-08-16,173.5,115400,0.626,282.111,2.9,0.6030344773261521
2018-08-17,174.8099976,76800,0.626,284.2410560976,2.9,0.755041844380405
2018-08-20,172.2899933,71500,0.626,280.1435291058,2.9,-1.4415676074581736
2018-08-21,173.0200043,67900,0.626,281.3305269918,2.9,0.4237106206910619
2018-08-22,171.7299957,67000,0.626,279.23297300819996,2.9,-0.745583497826801
2018-08-23,169.5099945,83600,0.626,275.623251057,2.9,-1.2927276862442643
2018-08-24,169.6000061,71100,0.626,275.7696099186,2.9,0.05310105770783731
2018-08-27,168.0299988,43400,0.626,273.21677804879994,2.9,-0.9257118181200434
2018-08-28,165.1000061,41200,0.626,268.4526099186,2.9,-1.7437319055673206
2018-08-29,165.3500061,47100,0.626,268.8591099186,2.9,0.15142337417515092
2018-08-30,168.9400024,37800,0.626,274.69644390239995,2.9,2.1711497838281577
2018-08-31,169.5599976,176000,0.626,275.7045560976,2.9,0.3669913526649774
2018-09-04,170.1199951,65700,0.649,280.5278719199,2.9,0.33026510257511854
2018-09-05,174.0299988,59600,0.649,286.97546802119996,2.9,2.2983798569366263
2018-09-06,178.3999939,55200,0.649,294.1815899411,2.9,2.5110585129763336
2018-09-07,178.8600006,82800,0.649,294.9401409894,2.9,0.25785129805433704
2018-09-10,180.9400024,59900,0.649,298.3700639576,2.9,1.1629217225888742
2018-09-11,181.1799927,22700,0.649,298.7658079623,2.9,0.13263529170817373
2018-09-12,186.7599945,41700,0.649,307.9672309305,2.9,3.0798112511459386
2018-09-13,184,26000,0.649,303.416,2.9,-1.4778296108806133
2018-09-14,184.0899963,22600,0.649,303.5644038987,2.9,0.04891103260869331
2018-09-17,183.8699951,31100,0.649,303.20162191990005,2.9,-0.11950741725338634
2018-09-18,183.6799927,38000,0.649,302.8883079623,2.9,-0.10333518521967772
2018-09-19,182.7700043,34300,0.649,301.3877370907,2.9,-0.49542053362679767
2018-09-20,184.0700073,24600,0.649,303.5314420377,2.9,0.7112780923647302
2018-09-21,181.2200012,52200,0.649,298.83178197880005,2.9,-1.548327259722977
2018-09-24,177.9900055,34600,0.649,293.5055190695,2.9,-1.7823615928769885
2018-09-25,176.8899994,19400,0.649,291.6916090106,2.9,-0.6180156559408622
2018-09-26,178.5700073,31300,0.649,294.4619420377,2.9,0.9497472472714547
2018-09-27,180.0599976,15600,0.649,296.9189360424,2.9,0.8344012090993607
2018-09-28,182.2799988,55300,0.649,300.5797180212,2.9,1.2329230420916013
2018-10-01,175.7100067,47000,0.674,294.1385512158,0.7,-3.604340653528674
2018-10-02,172.3000031,38200,0.674,288.4302051894,0.7,-1.9406997154249213
2018-10-03,168.7700043,52400,0.674,282.52098719820003,0.7,-2.048751443115898
2018-10-04,167.0599976,18900,0.674,279.65843598239996,0.7,-1.013217192884795
2018-10-05,164.3099976,30300,0.674,275.05493598239997,0.7,-1.6461151918512897
2018-10-08,167.9799957,29800,0.674,281.19851280179995,0.7,2.2335817379380125
2018-10-09,168.4600067,25000,0.674,282.0020512158,0.7,0.2857548590829133
2018-10-10,169.1300049,33300,0.674,283.12362820259995,0.7,0.39771944280706284
2018-10-11,163.1999969,30000,0.674,273.1967948106,0.7,-3.506183307631411
2018-10-12,162.0200043,28100,0.674,271.2214871982,0.7,-0.7230346951066587
2018-10-15,162.2700043,27800,0.674,271.6399871982,0.7,0.15430193393717864
2018-10-16,164.9900055,21200,0.674,276.19326920699996,0.7,1.6762193430224643
2018-10-17,163.4299927,19500,0.674,273.5818077798,0.7,-0.9455195757296834
2018-10-18,161.1100006,19200,0.674,269.6981410044,0.7,-1.4195632403035696
2018-10-19,162.7799988,28400,0.674,272.49371799119996,0.7,1.0365577517104052
2018-10-22,165.1499939,23900,0.674,276.46108978859996,0.7,1.4559498202920562
2018-10-23,165.6799927,20100,0.674,277.3483077798,0.7,0.32091966065765354
2018-10-24,168.9400024,41000,0.674,282.8055640176,0.7,1.9676544203517357
2018-10-25,167.1699982,31900,0.674,279.8425769868,0.7,-1.047711717091812
2018-10-26,165.8999939,16800,0.674,277.7165897886,0.7,-0.7597082692317758
2018-10-29,168.25,19200,0.674,281.65049999999997,0.7,1.4165197024760119
2018-10-30,174.3200073,43400,0.674,291.8116922202,0.7,3.607730936106975
2018-10-31,172.6300049,43400,0.674,288.9826282026,0.7,-0.9694827496717283
2018-11-01,173.1699982,35000,0.696,293.6963169472,0.7,0.3128038490833759
2018-11-02,174.4799957,37200,0.696,295.9180727072,0.7,0.7564806338376344
2018-11-05,175.7700043,40900,0.696,298.1059272928,0.7,0.7393446995597454
2018-11-06,179.8300018,52100,0.696,304.9916830528,0.7,2.3098352396182875
2018-11-07,179.9499969,28900,0.696,305.1951947424,0.7,0.06672696368733019
2018-11-08,182.3899994,55300,0.696,309.33343898239997,0.7,1.3559336160233029
2018-11-09,192.3999939,82000,0.696,326.3103896544,0.7,5.48823648935217
2018-11-12,189.6699982,37200,0.696,321.6803169472,0.7,-1.4189167289781237
2018-11-13,189.8800049,40200,0.696,322.0364883104,0.7,0.11072215004638497
2018-11-14,189.6499939,29000,0.696,321.64638965439997,0.7,-0.12113492419653421
2018-11-15,193.5,25700,0.696,328.176,0.7,2.0300586468935298
2018-11-16,193.9700012,31900,0.696,328.9731220352,0.7,0.24289467700259063
2018-11-19,198.6699982,49700,0.696,336.9443169472,0.7,2.4230535499939956
2018-11-20,195.3200073,33600,0.696,331.26273238079995,0.7,-1.6862087533859067
2018-11-21,198.1900024,19000,0.696,336.1302440704,0.7,1.4693810120495583
2018-11-23,199.7799988,14000,0.696,338.82687796479996,0.7,0.8022586309832901
2018-11-26,199.4400024,40200,0.696,338.25024407039996,0.7,-0.17018540496657053
2018-11-27,205.1399994,41800,0.696,347.9174389824,0.7,2.858000868134765
2018-11-28,214,83900,0.696,362.944,0.7,4.31900196252024
2018-11-29,208.0299988,42000,0.696,352.8188779648,0.7,-2.789720186915894
2018-11-30,212.5200043,34400,0.696,360.4339272928,0.7,2.158345203047717
2018-12-03,216.9100037,43800,0.715,372.0006563455,0.7,2.0656876111309175
2018-12-04,212.3200073,47300,0.715,364.12881251949995,0.7,-2.116083316446884
2018-12-06,215.0500031,35600,0.715,368.8107553165,0.7,1.2857930040208754
2018-12-07,218.1499939,32200,0.715,374.1272395385,0.7,1.4415209278367132
2018-12-10,218.9499969,22500,0.715,375.4992446835,0.7,0.36672153214302877
2018-12-11,213.1199951,37800,0.715,365.5007915965,0.7,-2.662709240714308
2018-12-12,216.3800049,28200,0.715,371.0917084034999,0.7,1.5296592881725237
2018-12-13,214.9900055,30600,0.715,368.7078594325,0.7,-0.6423880989569168
2018-12-14,210.1499939,23700,0.715,360.4072395385,0.7,-2.2512728388204057
2018-12-17,202.1000061,26600,0.715,346.60151046149997,0.7,-3.830591498294589
2018-12-18,199.3000031,28500,0.715,341.79950531649996,0.7,-1.3854541887616518
2018-12-19,189.4400024,34800,0.715,324.889604116,0.7,-4.947315878892729
2018-12-20,188.8099976,30200,0.715,323.809145884,0.7,-0.33256165119220604
2018-12-21,180.3899994,183300,0.715,309.368848971,0.7,-4.459508663221342
2018-12-24,172.3099976,21500,0.715,295.51164588399996,0.7,-4.479185002979711
2018-12-26,175.8300018,45400,0.715,301.548453087,0.7,2.042832249450387
2018-12-27,176.5899963,18600,0.715,302.8518436545,0.7,0.43223254974681163
2018-12-28,179.5500031,31800,0.715,307.9282553165,0.7,1.6762029911203993
2018-12-31,177.3800049,28800,0.715,304.20670840349993,0.7,-1.2085759746778912
2019-01-02,180.1100006,39900,0.731,311.7704110386,2.2,1.539066199450769
2019-01-03,177.8899994,27200,0.731,307.9275889614,2.2,-1.2325807520984555
2019-01-04,181.8899994,29100,0.731,314.85158896139995,2.2,2.2485805910908336
2019-01-07,185.4700012,34500,0.731,321.0485720772,2.2,1.968223548193612
2019-01-08,191.4700012,27200,0.731,331.4345720772,2.2,3.2350245113386022
2019-01-09,193.3200073,41500,0.731,334.63693263629995,2.2,0.9662119853791347
2019-01-10,199.6100006,55100,0.731,345.5249110386,2.2,3.25366907846171
2019-01-11,208.6600037,31100,0.731,361.1904664047,2.2,4.5338425293306654
2019-01-14,200.6600037,47900,0.731,347.34246640469996,2.2,-3.833988238350635
2019-01-15,201.3399963,26800,0.731,348.51953359529995,2.2,0.33887799634282145
2019-01-16,199.1100006,28400,0.731,344.6594110386,2.2,-1.1075771038940807
2019-01-17,205.2400055,38600,0.731,355.27044952049994,2.2,3.0787026676348614
2019-01-18,207.4499969,18200,0.731,359.0959446339,2.2,1.0767839313861287
2019-01-22,208.1100006,22300,0.731,360.23841103859996,2.2,0.3181507398711387
2019-01-23,213.8099976,20900,0.731,370.1051058455999,2.2,2.738934690099653
2019-01-24,213.7599945,17300,0.731,370.0185504795,2.2,-0.023386698733117547
2019-01-25,211.6199951,26600,0.731,366.3142115181,2.2,-1.0011224995610644
2019-01-28,211.3600006,17300,0.731,365.8641610386,2.2,-0.1228591371420955
2019-01-29,210.4499969,14200,0.731,364.2889446339,2.2,-0.4305467909806603
2019-01-30,211.75,13800,0.731,366.53925,2.2,0.6177254070560634
2019-01-31,215.8000031,19600,0.731,373.5498053661,2.2,1.9126342857142848
2019-02-01,216.9900055,14500,0.746,378.864549603,2.2,0.5514376195113212
2019-02-04,220,39700,0.746,384.12,2.2,1.387158128810686
2019-02-05,217.1300049,15200,0.746,379.1089885554,2.2,-1.3045432272727324
2019-02-06,218,11000,0.746,380.628,2.2,0.4006793535516617
2019-02-07,220.5,32100,0.746,384.993,2.2,1.146788990825688
2019-02-08,220.7700043,13400,0.746,385.4644275078,2.2,0.12245092970522028
2019-02-11,224.6100006,28000,0.746,392.1690610476,2.2,1.7393650519578288
2019-02-12,224.8800049,21600,0.746,392.6404885554,2.2,0.12021027526767315
2019-02-13,225.9299927,14100,0.746,394.4737672542,2.2,0.4669102530778294
2019-02-14,226.4799957,21300,0.746,395.4340724922,2.2,0.24343956879168938
2019-02-15,225.1799927,39100,0.746,393.1642672542,2.2,-0.5740034549108637
2019-02-19,224,26200,0.746,391.104,2.2,-0.524021999402087
2019-02-20,225.1399994,21000,0.746,393.0944389524,2.2,0.5089283035714257
2019-02-21,226.7799988,18700,0.746,395.9578779048,2.2,0.7284353754866332
2019-02-22,226.8399963,34100,0.746,396.0626335398,2.2,0.026456257305531212
2019-02-25,218.8000031,34500,0.746,382.0248054126,2.2,-3.5443454995330548
2019-02-26,211.9600067,47000,0.746,370.0821716982,2.2,-3.1261409063480903
2019-02-27,229.1600037,66400,0.746,400.1133664602,2.2,8.114736958064078
2019-02-28,247.8600006,51900,0.746,432.7635610476,2.2,8.16023590420286
2019-03-01,248.1999969,55900,0.765,438.0729945285,2.2,0.1371727181380454
2019-03-04,244.8500061,47700,0.765,432.1602607665,2.2,-1.3497142795492114
2019-03-05,248.4199982,44900,0.765,438.46129682300005,2.2,1.458032269168895
2019-03-06,250.5099945,48600,0.765,442.15014029250005,2.2,0.8413156409080094
2019-03-07,247.9799957,17100,0.765,437.6846924105,2.2,-1.0099392661157938
2019-03-08,248.6000061,18800,0.765,438.7790107665001,2.2,0.2500243611384224
2019-03-11,256.0100098,33800,0.765,451.857667297,2.2,2.980693289693357
2019-03-12,254.9100037,32900,0.765,449.9161565305,2.2,-0.4296730822592912
2019-03-13,258.019989,22900,0.765,455.40528058500007,2.2,1.2200326604914662
2019-03-14,256.2399902,17600,0.765,452.26358270300005,2.2,-0.6898685667334041
2019-03-15,257.75,45600,0.765,454.92875,2.2,0.589295136493483
2019-03-18,258.5400085,32500,0.765,456.3231150025,2.2,0.30650184287099863
2019-03-19,258.9599915,32400,0.765,457.0643849975,2.2,0.1624441038880843
2019-03-20,258.5899963,30300,0.765,456.4113434695,2.2,-0.14287736026590242
2019-03-21,260.6499939,32900,0.765,460.0472392335001,2.2,0.7966269497951307
2019-03-22,259.25,26000,0.765,457.57625,2.2,-0.5371164138745934
2019-03-25,262.9700012,21700,0.765,464.142052118,2.2,1.4349088524590214
2019-03-26,281.0100098,60900,0.765,495.982667297,2.2,6.860101349081169
2019-03-27,277.6600037,62700,0.765,490.0699065305,2.2,-1.1921305231739732
2019-03-28,283.9700012,42200,0.765,501.207052118,2.2,2.2725626362872546
2019-03-29,287.8299866,46200,0.765,508.019926349,2.2,1.3592933703167414
2019-04-01,280.7999878,65400,0.785,501.227978223,2.7,-2.4424136216806493
2019-04-02,283.6600037,42600,0.785,506.3331066045001,2.7,1.0185242251638047
2019-04-03,285.7900085,52400,0.785,510.1351651725,2.7,0.7509006459199996
2019-04-04,294.6700134,43100,0.785,525.9859739190001,2.7,3.107178220333066
2019-04-05,296.7999878,66100,0.785,529.787978223,2.7,0.7228337812265428
2019-04-08,291.2200012,47800,0.785,519.827702142,2.7,-1.8800494708106532
2019-04-09,291.6199951,50400,0.785,520.5416912535001,2.7,0.1373511085611416
2019-04-10,294.7000122,60000,0.785,526.039521777,2.7,1.0561748685798604
2019-04-11,293.6600037,36100,0.785,524.1831066045,2.7,-0.3529041251936531
2019-04-12,290.5100098,37800,0.785,518.5603674930001,2.7,-1.0726669823303645
2019-04-15,298.1499939,34300,0.785,532.1977391115001,2.7,2.629852274370771
2019-04-16,295.6700134,39300,0.785,527.7709739190001,2.7,-0.8317895524867258
2019-04-17,294.730011,39600,0.785,526.093069635,2.7,-0.3179228049509148
2019-04-18,302.0899963,34500,0.785,539.2306433955,2.7,2.497195747059503
2019-04-22,303.980011,49300,0.785,542.604319635,2.7,0.625646238918503
2019-04-23,309.3900146,40100,0.785,552.261176061,2.7,1.779723470040924
2019-04-24,320.3999939,54000,0.785,571.9139891115001,2.7,3.558608481348207
2019-04-25,332.5,50500,0.785,593.5125,2.7,3.7765313140974976
2019-04-26,331.5700073,56500,0.785,591.8524630305001,2.7,-0.2796970526315831
2019-04-29,328,42600,0.785,585.48,2.7,-1.0766978983023312
2019-04-30,325.0299988,62100,0.785,580.178547858,2.7,-0.9054881707317112
2019-05-01,328.2099915,70100,0.8029999999999999,591.7626146745,2.7,0.9783689849369109
2019-05-02,328.5,44100,0.8029999999999999,592.2855,2.7,0.08836065552867212
2019-05-03,333.8999939,73600,0.8029999999999999,602.0216890017,2.7,1.6438337595129457
2019-05-06,339.2900085,49500,0.8029999999999999,611.7398853254999,2.7,1.6142601672566161
2019-05-07,339.5899963,108400,0.8029999999999999,612.2807633289,2.7,0.08841633778909133
2019-05-08,358.6499939,114000,0.8029999999999999,646.6459390017001,2.7,5.61264990360967
2019-05-09,369.5299988,83100,0.8029999999999999,666.2625878363999,2.7,3.0335996333610864
2019-05-10,386.8099976,112000,0.8029999999999999,697.4184256727999,2.7,4.676210011667391
2019-05-13,399.8599854,103600,0.8029999999999999,720.9475536762001,2.7,3.3737462529329556
2019-05-14,364.5,210700,0.8029999999999999,657.1935,2.7,-8.843091754887066
2019-05-15,326.2200012,248900,0.8029999999999999,588.1746621636,2.7,-10.502057283950613
2019-05-16,324.9400024,200400,0.8029999999999999,585.8668243272,2.7,-0.3923728757560887
2019-05-17,313.0499878,230300,0.8029999999999999,564.4291280034,2.7,-3.659141537570207
2019-05-20,313.8900146,176900,0.8029999999999999,565.9436963237999,2.7,0.2683363145622124
2019-05-21,310.5499878,122200,0.8029999999999999,559.9216280034,2.7,-1.064075518380627
2019-05-22,318.730011,79300,0.8029999999999999,574.670209833,2.7,2.6340439611506543
2019-05-23,304.3999939,123000,0.8029999999999999,548.8331890017,2.7,-4.495973584363841
2019-05-24,307.3399963,66400,0.8029999999999999,554.1340133289,2.7,0.9658352361747431
2019-05-28,305.6600037,89400,0.8029999999999999,551.1049866710999,2.7,-0.546623485464001
2019-05-29,306.2000122,59300,0.8029999999999999,552.0786219966,2.7,0.1766696635029842
2019-05-30,311.730011,63800,0.8029999999999999,562.049209833,2.7,1.8060086804921387
2019-05-31,302.0100098,61400,0.8029999999999999,544.5240476693999,2.7,-3.1180832313254605
2019-06-03,298.4599915,75500,0.8190000000000001,542.8987245385,2.7,-1.175463787558202
2019-06-04,295.9899902,85500,0.8190000000000001,538.4057921738,2.7,-0.8275820446104846
2019-06-05,308.7900085,83300,0.8190000000000001,561.6890254615,2.7,4.324476747119395
2019-06-06,311.0499878,33700,0.8190000000000001,565.7999278082,2.7,0.7318822623109574
2019-06-07,310.5299988,40700,0.8190000000000001,564.8540678172,2.7,-0.16717216537373855
2019-06-10,312.4299927,54200,0.8190000000000001,568.3101567213,2.7,0.611855185438537
2019-06-11,317.5899963,56900,0.8190000000000001,577.6962032696999,2.7,1.6515711425166195
2019-06-12,310.8500061,37000,0.8190000000000001,565.4361610958999,2.7,-2.1222300067768294
2019-06-13,314.1300049,35100,0.8190000000000001,571.4024789131,2.7,1.0551708977431622
2019-06-14,306.980011,57300,0.8190000000000001,558.396640009,2.7,-2.276125740448179
2019-06-17,310.3399963,59800,0.8190000000000001,564.5084532697,2.7,1.094529018047369
2019-06-18,303.8999939,62100,0.8190000000000001,552.7940889041,2.7,-2.075144189205486
2019-06-19,299.7999878,82800,0.8190000000000001,545.3361778082,2.7,-1.3491300369519454
2019-06-20,301.75,47000,0.8190000000000001,548.88325,2.7,0.6504377182633105
2019-06-21,302.4200134,53100,0.8190000000000001,550.1020043746,2.7,0.22204255178128124
2019-06-24,297.5499878,35400,0.8190000000000001,541.2434278082,2.7,-1.610351624962933
2019-06-25,300.1099854,36400,0.8190000000000001,545.9000634426001,2.7,0.8603588321168908
2019-06-26,292.3399963,41500,0.8190000000000001,531.7664532696999,2.7,-2.5890471753693376
2019-06-27,301.9299927,56000,0.8190000000000001,549.2106567213,2.7,3.2804257102605767
2019-06-28,299.25,75000,0.8190000000000001,544.33575,2.7,-0.8876205626457505
2019-07-01,311.1300049,44800,0.8370000000000001,571.5458190013001,3.6,3.9699264494569815
2019-07-02,312.8800049,58800,0.8370000000000001,574.7605690013,3.6,0.5624658414293618
2019-07-03,315,25000,0.8370000000000001,578.6550000000001,3.6,0.6775744907948199
2019-07-05,318.3999939,65600,0.8370000000000001,584.9007887943001,3.6,1.0793631428571513
2019-07-08,310.4899902,63400,0.8370000000000001,570.3701119974,3.6,-2.484297692067262
2019-07-09,308.8800049,62400,0.8370000000000001,567.4125690013001,3.6,-0.518530500439948
2019-07-10,311.6199951,107200,0.8370000000000001,572.4459309987001,3.6,0.8870727002503895
2019-07-11,305.8500061,91700,0.8370000000000001,561.8464612057,3.6,-1.8516106446084757
2019-07-12,304.6499939,54000,0.8370000000000001,559.6420387943001,3.6,-0.39235317183796076
2019-07-15,304.5599976,35600,0.8370000000000001,559.4767155912,3.6,-0.029540883571983072
2019-07-16,302.9400024,24400,0.8370000000000001,556.5007844088001,3.6,-0.5319133217644695
2019-07-17,300.2600098,28200,0.8370000000000001,551.5776380026,3.6,-0.8846611800251468
2019-07-18,297.2000122,33800,0.8370000000000001,545.9564224114,3.6,-1.0191159329003574
2019-07-19,291.269989,45800,0.8370000000000001,535.0629697930001,3.6,-1.9952970917139126
2019-07-22,292.8599854,41800,0.8370000000000001,537.9837931798002,3.6,0.5458840457469918
2019-07-23,289.769989,46600,0.8370000000000001,532.3074697930001,3.6,-1.055110480791555
2019-07-24,290.2799988,35100,0.8370000000000001,533.2443577956001,3.6,0.1760050451601382
2019-07-25,289.6799927,38500,0.8370000000000001,532.1421465899001,3.6,-0.20669908449785115
2019-07-26,293,64200,0.8370000000000001,538.2410000000001,3.6,1.1460947886167168
2019-07-29,292.7200012,82900,0.8370000000000001,537.7266422044,3.6,-0.09556273037542222
2019-07-30,294.4500122,66300,0.8370000000000001,540.9046724114,3.6,0.5910122276946719
2019-07-31,293.5299988,70000,0.8370000000000001,539.2146077956,3.6,-0.31245147287516944
2019-08-01,288.3299866,85600,0.8540000000000001,534.5637951564,3.6,-1.7715436995395795
2019-08-02,292.6000061,65200,0.8540000000000001,542.4804113094,3.6,1.4809488081181736
2019-08-05,280.2799988,90600,0.8540000000000001,519.6391177752,3.6,-4.21052872288371
2019-08-06,293.4400024,88200,0.8540000000000001,544.0377644496001,3.6,4.695305999837203
2019-08-07,324.7900085,368000,0.8540000000000001,602.160675759,3.6,10.683617040482947
2019-08-08,336.5499878,167300,0.8540000000000001,623.9636773812,3.6,3.6207946649319407
2019-08-09,333.7600098,66400,0.8540000000000001,618.7910581692,3.6,-0.8289936416987798
2019-08-12,346.5,76500,0.8540000000000001,642.4110000000001,3.6,3.817111045638525
2019-08-13,352.1300049,59300,0.8540000000000001,652.8490290846,3.6,1.624821038961044
2019-08-14,347.5299988,75500,0.8540000000000001,644.3206177752,3.6,-1.3063374424188496
2019-08-15,356.9299927,63900,0.8540000000000001,661.7482064658001,3.6,2.70480071719208
2019-08-16,364.8099976,43600,0.8540000000000001,676.3577355504,3.6,2.2077172165868144
2019-08-19,368.9100037,112000,0.8540000000000001,683.9591468598001,3.6,1.1238743803549835
2019-08-20,365.8200073,78400,0.8540000000000001,678.2302935342,3.6,-0.837601683068704
2019-08-21,349.6000061,104300,0.8540000000000001,648.1584113094,3.6,-4.433874822679774
2019-08-22,355.6900024,65900,0.8540000000000001,659.4492644496,3.6,1.7419897579344046
2019-08-23,339.1700134,64500,0.8540000000000001,628.8212048436001,3.6,-4.644490676862502
2019-08-26,338.7000122,73100,0.8540000000000001,627.9498226188,3.6,-0.13857392500253765
2019-08-27,339.8200073,84300,0.8540000000000001,630.0262935342,3.6,0.3306746559367212
2019-08-28,345.9100037,88800,0.8540000000000001,641.3171468598,3.6,1.7921241448928715
2019-08-29,346.6000061,56000,0.8540000000000001,642.5964113094,3.6,0.1994745432683099
2019-08-30,336.6099854,53600,0.8540000000000001,624.0749129316001,3.6,-2.8822909763935938
2019-09-03,333.7099915,57600,0.871,624.3713940965,3.6,-0.8615293739886858
2019-09-04,312.7999878,104100,0.871,585.2487771738,3.6,-6.265920779300371
2019-09-05,305.8299866,80400,0.871,572.2079049286,3.6,-2.2282613401048263
2019-09-06,298.5100098,104200,0.871,558.5122283357999,3.6,-2.3934790964673858
2019-09-09,292.4500122,124800,0.871,547.1739728262,3.6,-2.0300818736564774
2019-09-10,289.269989,98500,0.871,541.224149419,3.6,-1.0873732492188264
2019-09-11,294.6300049,69900,0.871,551.2527391679,3.6,1.8529457267687757
2019-09-12,300.1700134,81500,0.871,561.6180950714,3.6,1.8803273284675557
2019-09-13,290.9599915,61200,0.871,544.3861440965,3.6,-3.0682684774801077
2019-09-16,286.980011,156200,0.871,536.939600581,3.6,-1.3678789580250625
2019-09-17,286.0599976,121900,0.871,535.2182555096,3.6,-0.320584488374006
2019-09-18,298.0299988,111200,0.871,557.6141277547999,3.6,4.184437286033178
2019-09-19,301.3800049,99100,0.871,563.8819891679001,3.6,1.1240499659392107
2019-09-20,294.1000061,77300,0.871,550.2611114130999,3.6,-2.415554675704381
2019-09-23,294.8699951,42600,0.871,551.7017608320999,3.6,0.2618119632878204
2019-09-24,295.6499939,55600,0.871,553.1611385869,3.6,0.2645229467092849
2019-09-25,296.7099915,42800,0.871,555.1443940965,3.6,0.3585312436564789
2019-09-26,300,68600,0.871,561.3,3.6,1.1088296970949827
2019-09-27,301.1600037,59500,0.871,563.4703669227,3.6,0.38666790000000145
2019-09-30,303.8699951,43100,0.871,568.5407608321,3.6,0.8998510315797218
2019-10-01,302.230011,39200,0.889,570.912490779,1.8,-0.5396992550910771
2019-10-02,293.3599854,40200,0.889,554.1570124206,1.8,-2.934859304888806
2019-10-03,293.4200134,50600,0.889,554.2704053126,1.8,0.02046223172466398
2019-10-04,307.2000122,73200,0.889,580.3008230458,1.8,4.696339094366624
2019-10-07,301.8099976,38500,0.889,570.1190854664,1.8,-1.7545619745909729
2019-10-08,294.9400024,33500,0.889,557.1416645336001,1.8,-2.2762649529937073
2019-10-09,294.8299866,25700,0.889,556.9338446874,1.8,-0.03730107788187973
2019-10-10,293.8599854,42300,0.889,555.1015124206001,1.8,-0.32900357632752275
2019-10-11,292.3999939,30300,0.889,552.3435884771001,1.8,-0.49683235980995216
2019-10-14,290.9400024,31500,0.889,549.5856645336,1.8,-0.49931310891179903
2019-10-15,287.8299866,43200,0.889,543.7108446874,1.8,-1.0689543460318751
2019-10-16,291.1900024,29300,0.889,550.0579145336001,1.8,1.167361274511501
2019-10-17,291.8900146,33500,0.889,551.3802375793999,1.8,0.24039705835722963
2019-10-18,287.2999878,34700,0.889,542.7096769542,1.8,-1.572519295081078
2019-10-21,290.6499939,64400,0.889,549.0378384771001,1.8,1.1660307143250181
2019-10-22,281.2799988,47300,0.889,531.3379177332,1.8,-3.2238070864105524
2019-10-23,271.1900024,86900,0.889,512.2779145336001,1.8,-3.587171659217158
2019-10-24,276.769989,30700,0.889,522.818509221,1.8,2.057593034631716
2019-10-25,272.0799866,29500,0.889,513.9590946874,1.8,-1.6945487539835924
2019-10-28,271.7600098,40400,0.889,513.3546585122,1.8,-0.11760394580966445
2019-10-29,271.1600037,30100,0.889,512.2212469893,1.8,-0.22078528052804527
2019-10-30,275.7799988,29500,0.889,520.9484177332,1.8,1.7037892893346285
2019-10-31,274.3599854,35300,0.889,518.2660124206001,1.8,-0.514908044883188
2019-11-01,273,26800,0.91,521.4300000000001,1.8,-0.4956937864015602
2019-11-04,262.1000061,44800,0.91,500.611011651,1.8,-3.9926717582417677
2019-11-05,265.2000122,60100,0.91,506.532023302,1.8,1.182756973617648
2019-11-06,266.7000122,128900,0.91,509.397023302,1.8,0.5656108337087022
2019-11-07,264.8500061,43000,0.91,505.863511651,1.8,-0.693665547571366
2019-11-08,272.1499939,54100,0.91,519.8064883490001,1.8,2.7562724681394877
2019-11-11,272.4599915,51300,0.91,520.398583765,1.8,0.1139068921360627
2019-11-12,276.1000061,45700,0.91,527.351011651,1.8,1.3359813233349427
2019-11-13,274.1499939,40200,0.91,523.626488349,1.8,-0.7062702487929958
2019-11-14,275.3099976,32600,0.91,525.842095416,1.8,0.4231273849391639
2019-11-15,275,34000,0.91,525.25,1.8,-0.11259947067028496
2019-11-18,272.75,35300,0.91,520.9525,1.8,-0.8181818181818182
2019-11-19,273.0499878,28400,0.91,521.525476698,1.8,0.10998636113657073
2019-11-20,270.9100037,43200,0.91,517.438107067,1.8,-0.7837334538053374
2019-11-21,284.2399902,70300,0.91,542.8983812820001,1.8,4.92044823666289
2019-11-22,271.7799988,55500,0.91,519.099797708,1.8,-4.3836166020245075
2019-11-25,271.9100037,43300,0.91,519.348107067,1.8,0.04783460908603742
2019-11-26,273.5400085,30200,0.91,522.461416235,1.8,0.5994648147621626
2019-11-27,274.9599915,18200,0.91,525.173583765,1.8,0.5191134590463399
2019-11-29,270.1600037,11100,0.91,516.005607067,1.8,-1.7457040836430187
2019-12-02,269.6400146,44300,0.933,521.2141482217999,1.8,-0.19247449395857114
2019-12-03,270.0299988,28800,0.933,521.9679876803999,1.8,0.14463142667401968
2019-12-04,276.0700073,28100,0.933,533.6433241108999,1.8,2.2367916627195124
2019-12-05,273.9100037,30300,0.933,529.4680371521,1.8,-0.78241154159595
2019-12-06,278.4599915,32300,0.933,538.2631635695,1.8,1.6611250916499465
2019-12-09,274.2999878,27700,0.933,530.2218764173999,1.8,-1.4939322800345645
2019-12-10,277.6099854,27400,0.933,536.6201017782,1.8,1.2067071626752843
2019-12-11,273.8599854,33800,0.933,529.3713517782,1.8,-1.3508159638410469
2019-12-12,273.0599976,43800,0.933,527.8249753608,1.8,-0.292115622087539
2019-12-13,277.019989,26400,0.933,535.479638737,1.8,1.450227581778912
2019-12-16,275.5,36000,0.933,532.5414999999999,1.8,-0.5486928959483893
2019-12-17,278.1000061,25200,0.933,537.5673117912999,1.8,0.943740871143366
2019-12-18,274.5700073,26100,0.933,530.7438241108999,1.8,-1.2693271206655998
2019-12-19,272.8399963,42800,0.933,527.3997128479,1.8,-0.6300801085348519
2019-12-20,282.6499939,190100,0.933,546.3624382087,1.8,3.5955130233961343
2019-12-23,284.7999878,31800,0.933,550.5183764174,1.8,0.760655915938433
2019-12-24,286.4400024,23900,0.933,553.6885246392,1.8,0.5758478477013577
2019-12-26,292.6400146,90500,0.933,565.6731482217999,1.8,2.164506405548035
2019-12-27,293.6499939,34600,0.933,567.6254382087,1.8,0.3451268622237331
2019-12-30,289,35600,0.933,558.637,1.8,-1.5835157488828493
2019-12-31,284.0499878,41900,0.933,549.0686264174,1.8,-1.712806989619378
2020-01-02,282.3999939,42300,0.958,552.9391880562,-4.6,-0.5808815246849203
2020-01-03,285.7600098,37500,0.958,559.5180991883999,-4.6,1.189807355728824
2020-01-06,282.0100098,29300,0.958,552.1755991883999,-4.6,-1.312289988590279
2020-01-07,279.1600037,42400,0.958,546.5952872446,-4.6,-1.01060458883044
2020-01-08,277.2600098,24800,0.958,542.8750991884,-4.6,-0.6806110742289071
2020-01-09,276.4599915,38500,0.958,541.308663357,-4.6,-0.28854442462765023
2020-01-10,275.019989,36400,0.958,538.489138462,-4.6,-0.5208719323859168
2020-01-13,280.6900024,33500,0.958,549.5910246992,-4.6,2.061673197143505
2020-01-14,277.4299927,36800,0.958,543.2079257066,-4.6,-1.1614270804537965
2020-01-15,278.2000122,37400,0.958,544.7156238876,-4.6,0.2775545255601304
2020-01-16,286.3500061,46800,0.958,560.6733119438,-4.6,2.929544767288105
2020-01-17,279.2999878,43800,0.958,546.8693761124,-4.6,-2.462028339380565
2020-01-21,280.7900085,23500,0.958,549.786836643,-4.6,0.5334839832026668
2020-01-22,281.8399963,21400,0.958,551.8427127553999,-4.6,0.3739405848552466
2020-01-23,278.0799866,26000,0.958,544.4806137628,-4.6,-1.3340937231626029
2020-01-24,276.2200012,35900,0.958,540.8387623496,-4.6,-0.6688670489169144
2020-01-27,276.4299927,45600,0.958,541.2499257066,-4.6,0.07602327821581407
2020-01-28,275.0100098,24600,0.958,538.4695991883999,-4.6,-0.5136862632489722
2020-01-29,274.0400085,50400,0.958,536.570336643,-4.6,-0.35271490688844687
2020-01-30,277.0799866,29300,0.958,542.5226137628,-4.6,1.109319079589791
2020-01-31,270.8099976,32100,0.958,530.2459753008,-4.6,-2.262880504989894
2020-02-03,276.480011,48000,0.981,547.706901791,-4.6,2.093723810143417
2020-02-04,277.6900024,37500,0.981,550.1038947544,-4.6,0.4376415479815774
2020-02-05,274.519989,34100,0.981,543.824098209,-4.6,-1.141565548850316
2020-02-06,276.7999878,29700,0.981,548.3407758318,-4.6,0.8305401760743868
2020-02-07,279.3599854,21300,0.981,553.4121310774,-4.6,0.9248546650405708
2020-02-10,280.1000061,24200,0.981,554.8781120840999,-4.6,0.26489860347764227
2020-02-11,282.1199951,34000,0.981,558.8797102931,-4.6,0.7211670674790499
2020-02-12,280.980011,23200,0.981,556.6214017909999,-4.6,-0.4040777398978455
2020-02-13,287.5,33300,0.981,569.5374999999999,-4.6,2.3204458483703347
2020-02-14,281.0100098,37000,0.981,556.6808294137999,-4.6,-2.257387895652182
2020-02-18,277.5,42500,0.981,549.7275,-4.6,-1.24906931340208
2020-02-19,276.5799866,29800,0.981,547.9049534545999,-4.6,-0.33153636036036616
2020-02-20,273.9700012,31800,0.981,542.7345723772,-4.6,-0.9436638681216752
2020-02-21,273.6799927,24100,0.981,542.1600655387,-4.6,-0.10585410765038131
2020-02-24,265.2399902,29300,0.981,525.4404205862,-4.6,-3.0838945940968636
2020-02-25,255.9799957,70100,0.981,507.0963714816999,-4.6,-3.491175856633715
2020-02-26,210,195000,0.981,416.01,-4.6,-17.96233942979162
2020-02-27,201.0200043,87400,0.981,398.2206285183,-4.6,-4.276188428571424
2020-02-28,196.3800049,104800,0.981,389.02878970689994,-4.6,-2.3082276891584077
2020-03-02,221.0200043,154700,0.996,441.1559285828,-4.6,12.5471019376678
2020-03-03,211.9600067,102600,0.996,423.0721733732,-4.6,-4.099175379483966
2020-03-04,215.9900055,95900,0.996,431.116050978,-4.6,1.9013015062336225
2020-03-05,206.4600067,56100,0.996,412.0941733732,-4.6,-4.412240639532734
2020-03-06,206.0500031,45300,0.996,411.2758061876,-4.6,-0.19858741969129762
2020-03-09,198.6000061,79300,0.996,396.4056121756,-4.6,-3.6156257645792755
2020-03-10,218.1399994,102200,0.996,435.4074388024,-4.6,9.838868428916928
2020-03-11,206,91700,0.996,411.176,-4.6,-5.565233076644079
2020-03-12,203.5299988,104200,0.996,406.2458776048,-4.6,-1.1990297087378703
2020-03-13,216.6900024,96000,0.996,432.5132447904,-4.6,6.46587907315411
2020-03-16,201.0500031,62100,0.996,401.2958061876,-4.6,-7.217683846405273
2020-03-17,216.1999969,91900,0.996,431.5351938124,-4.6,7.535435745536681
2020-03-18,206.3200073,78200,0.996,411.8147345708,-4.6,-4.569837993369562
2020-03-19,201,109800,0.996,401.196,-4.6,-2.5785222526986535
2020-03-20,192.5700073,99900,0.996,384.3697345707999,-4.6,-4.1940262189054796
2020-03-23,193.3899994,68300,0.996,386.0064388024,-4.6,0.4258150640886471
2020-03-24,203,82000,0.996,405.188,-4.6,4.9692334814702965
2020-03-25,218.6499939,170100,0.996,436.4253878244,-4.6,7.70935660098522
2020-03-26,219.9499969,125900,0.996,439.0201938124,-4.6,0.5945589006485692
2020-03-27,201.1199951,84000,0.996,401.4355102196,-4.6,-8.561037538255128
2020-03-30,207.6600037,47100,0.996,414.4893673852,-4.6,3.2517943314130444
2020-03-31,208.5299988,52800,0.996,416.2258776048,-4.6,0.4189516924293413
2020-04-01,194.0899963,86300,0.999,387.9859026037,-29.9,-6.924664356733307
